Num_Steps,Median_Error,Median_CEP,Median_X,Median_Y,MAD_X,MAD_Y,Mean_X,Mean_Y,Std_X,Std_Y
116,1.319839006178534,1.3558768703586925,350.93,355.49,0.82,1.08,314.65,347.66,150.17,42.24
15,2.5810371949327457,1.4823656252449848,351.83,355.9,1.38,0.53,349.49,355.45,4.68,4.38
5,0.08006973635095821,1.258835424872986,350.06,358.31,0.75,1.01,349.6,359.92,2.97,12.72
23,1.095711125629372,1.5274407053801786,350.77,352.26,0.91,1.23,345.21,350.95,30.96,14.3
62,1.394064255122143,1.200738967299959,350.99,348.06,1.19,0.18,350.65,348.17,1.48,0.42
476,426.712636189925,1.3007066793294173,48.27,-88.34,0.1,1.3,49.45,-89.15,2.04,2.98
20,0.30715525750317735,0.4052797996786976,349.78,354.43,0.28,0.29,349.58,354.25,0.72,1.07
67,1.6608727625449464,1.135032885679565,348.83,348.0,0.47,1.03,351.59,351.04,15.9,14.93
16,0.2394575914186736,1.6040487193958948,350.17,348.55,0.54,1.51,347.73,347.49,12.46,7.3
56,2.468836301174548,0.8966744605090937,348.25,356.43,0.4,0.8,347.96,356.75,3.0,1.86
5,5.973845807139825,1.666272129171831,354.22,340.39,1.29,1.05,353.9,341.74,12.3,17.21
10,3.594678401858304,0.5618119774973669,347.46,345.36,0.14,0.54,347.56,345.06,1.6,1.04
7,2.082135805080692,0.7323963532643496,351.47,352.19,0.69,0.24,356.69,356.34,15.57,19.09
6,1.174708722042062,1.3625367682465976,349.17,349.0,0.87,1.05,333.59,347.41,49.93,71.64
53,0.15825739972294584,1.20862615976082,349.89,348.95,0.76,0.94,351.78,357.77,10.61,45.21
3,9.309230756274394,1.4574723375334617,343.42,348.98,0.58,1.34,342.52,349.0,4.19,3.22
15,1.96997809754275,1.9111520537021554,348.61,347.58,1.23,1.46,349.27,347.34,4.7,1.64
30,2.059808513524139,1.4557489379533062,351.46,346.3,0.96,1.09,354.4,351.72,14.75,19.5
1,3.1848812409162854,1.44166638838624,352.25,348.7,1.35,0.49,352.93,347.63,2.31,6.21
43,6.152635033391478,1.4056214037943686,345.65,348.88,1.1,0.87,845.95,1763.61,1963.17,5462.32
21,4.345462970695659,1.7437330541360982,346.93,350.38,1.15,1.31,351.86,337.43,37.92,37.24
29,4.737152872410488,0.20037805934133307,346.65,348.04,0.07,0.19,346.52,348.05,0.53,0.72
5,1.3835629054313932,1.2232788763185696,349.02,353.54,1.08,0.57,347.68,351.71,3.83,5.56
1,5.019249454882339,1.8381450171999845,346.45,353.52,1.18,1.41,346.32,349.91,10.4,9.66
26,0.32305906181369987,1.5450269046000922,349.77,343.93,1.19,0.98,346.55,346.4,25.12,28.69
17,0.7895196680310651,1.3798888237161795,350.56,344.58,0.52,1.28,351.24,344.2,3.92,2.29
4,8.302324360680528,1.4250499204161602,355.87,353.17,0.58,1.3,355.86,355.87,2.19,8.68
20,1.041697266558409,1.1954856466958945,349.26,355.94,0.82,0.87,348.08,358.45,8.08,9.29
30,9.190703035076648,1.7916317265779789,343.5,335.67,1.22,1.31,343.09,336.2,3.31,7.01
6,4.486526893956796,1.4509112109585545,353.17,352.2,1.36,0.5,353.13,351.85,3.27,1.41
2,8.233552685657234,1.5692269693518068,355.82,345.2,0.93,1.26,354.37,345.27,4.22,3.52
2,11.987639267305108,1.8782532903194358,341.52,344.78,1.41,1.25,341.54,343.18,4.24,5.11
7,0.4211164738318368,1.4575728824570486,350.3,358.74,1.25,0.75,350.71,356.28,5.54,13.8
35,6.376140765606849,1.660610394384588,345.49,352.82,1.41,0.87,345.9,353.01,2.63,2.73
3,1.5315868266905777,1.402809152318509,351.08,348.09,1.11,0.86,350.99,348.22,2.33,3.04
4,3.769502124646968,0.9168682258258323,347.33,346.46,0.67,0.62,347.59,346.87,2.41,2.4
1,3.8529428049572134,0.23830016182170324,352.72,353.02,0.17,0.17,352.71,353.07,0.29,0.54
30,5.593975606274304,0.9133832777627795,353.96,347.24,0.58,0.71,355.0,346.0,7.15,5.93
6,2.027701599323275,1.3734062239272513,351.43,339.12,1.18,0.71,353.47,338.94,11.23,3.43
17,0.26506549087208914,1.8768929938503285,349.81,349.07,0.8,1.7,348.82,349.73,2.63,3.0
24,0.9335953754485096,1.6984094915229115,349.34,342.44,1.47,0.85,349.89,343.19,4.47,2.17
28,4.519297555857956,1.5447491485653186,353.2,351.43,0.97,1.2,353.02,350.55,1.3,6.22
12,1.02270944883822,0.6395182586604078,350.72,344.01,0.55,0.32,351.8,347.55,2.06,13.72
120,5.373335117019713,1.7167172577710708,353.8,357.35,0.67,1.58,354.19,356.62,1.29,7.83
10,2.492220790090536,1.6423436121537827,348.24,343.45,0.95,1.34,348.61,340.46,2.27,5.53
93,3.632422000179033,1.1757814652578003,352.57,353.73,0.67,0.97,353.9,354.87,6.47,6.88
61,3.409414813068262,1.8990785867964055,347.59,349.18,0.89,1.68,383.15,362.66,184.05,43.15
18,5.132672371400393,1.5075600545322292,346.37,343.86,0.46,1.44,346.5,343.41,5.9,4.7
7,9.370490318689377,0.8953280174234775,343.37,354.85,0.44,0.78,343.12,353.32,1.91,6.14
58,28.462260142799387,0.29853707666536167,329.87,337.17,0.26,0.14,330.5,337.15,2.41,0.2
2,5.4556386516360265,1.8136890709387052,353.86,353.18,1.42,1.13,116.94,56.96,1258.55,1572.46
59,3.6908059070527277,1.927553087844342,352.61,355.72,1.62,1.05,351.44,365.59,12.75,45.1
17,6.16236415208737,1.282722480873498,354.36,349.02,0.9,0.91,353.22,346.42,2.78,6.32
17,1.441866028769189,1.1672493322594308,351.02,346.49,0.68,0.95,348.05,345.6,11.47,2.41
53,8.080133258057746,1.518695985542055,344.29,343.96,0.35,1.48,347.64,342.16,11.98,6.38
19,4.242752066679249,1.6466470995742957,347.0,345.93,0.93,1.36,336.38,329.68,18.1,33.58
36,2.6119211778110385,1.8102583521193023,348.15,352.36,1.25,1.31,348.51,352.63,1.74,1.81
1,2.4743297700374067,1.3873028886923535,348.25,353.07,0.59,1.25,348.0,354.09,2.52,2.81
85,6.736027320488298,0.9493365640253926,345.24,347.68,0.74,0.59,344.57,347.47,1.83,2.04
13,1.8356996640103413,0.7111403899074471,348.7,347.18,0.5,0.5,348.93,347.78,0.82,3.34
4,14.288134230840127,1.946164410498234,339.9,345.38,1.57,1.15,338.54,345.57,6.31,6.87
41,2.0170263140707947,1.6980647710376777,351.43,350.49,1.57,0.64,352.23,350.09,8.09,9.1
43,10.430887395319935,1.6624562064370954,357.38,349.15,0.17,1.65,357.32,349.05,0.44,1.65
39,0.7087297164738784,0.5607497810782284,349.5,352.89,0.41,0.38,349.48,352.79,5.51,2.15
26,9.723294843657072,0.8730973217466595,343.12,344.86,0.49,0.72,380.17,378.65,106.06,76.38
17,1.472310045785689,1.181719744675299,348.96,352.69,1.18,0.08,346.25,359.53,29.56,38.52
9,5.880070121559541,0.9333826048542884,345.84,341.26,0.84,0.41,346.05,341.07,1.5,1.46
29,9.934944377831496,0.7062681076719804,357.03,365.19,0.45,0.55,357.38,367.03,1.85,7.19
1,5.21935138413983,0.5826695169663364,353.69,348.9,0.25,0.53,355.98,349.68,5.51,4.36
10,3.3531406630055383,0.5811883828568618,352.37,356.51,0.33,0.48,351.46,350.97,8.64,35.81
1,5.4086986612743555,1.4315276077180126,353.82,351.6,1.25,0.7,351.13,353.93,9.25,8.08
44,5.124480329225442,0.562446721147638,346.38,352.07,0.25,0.51,346.22,356.46,1.27,16.99
1,6.152496575816201,1.0707173480139014,354.35,341.95,0.51,0.94,353.59,342.39,5.81,3.36
2,1.2253944993868169,0.14186201336419788,350.87,349.15,0.13,0.05,350.64,350.36,1.24,4.61
18,4.278838610107284,1.1281971635727952,346.97,347.23,0.66,0.91,346.39,347.46,1.75,2.21
7,1.4671039004095272,1.976635694818375,348.96,347.41,1.71,0.99,349.04,347.06,4.9,4.25
2,5.658263838977942,1.7686856060654415,346.0,352.07,1.37,1.12,344.77,351.96,2.86,2.38
37,1.2144821214782298,1.209273803630818,349.14,348.82,0.7,0.98,348.83,359.52,6.2,104.85
16,3.2878661506973614,0.8272520238300846,347.68,351.41,0.28,0.78,347.99,351.65,0.85,1.17
23,2.0864907602550806,1.2996070098071257,351.48,354.47,1.17,0.57,355.88,374.8,25.19,107.59
25,11.94902911105895,1.9863845817289638,341.55,338.36,0.99,1.72,341.66,338.84,1.78,2.4
54,1.4454888438334959,0.9466036856506678,351.02,349.09,0.82,0.48,351.36,349.06,2.07,1.52
6,2.7489176968982667,1.7665682591742484,348.06,349.89,1.16,1.33,355.39,344.07,28.32,22.07
20,30.8695662286644,0.8401059753117275,328.17,352.19,0.79,0.29,328.02,352.08,1.02,0.68
20,37.908504726107836,1.0819087500176663,376.81,365.87,0.87,0.65,375.02,362.89,21.11,17.19
19,9.875607004737523,1.7741958968240548,356.98,351.71,1.16,1.34,353.78,344.98,12.46,26.89
17,3.6845772893798885,0.27669660671454166,347.39,345.44,0.11,0.25,384.6,336.39,136.84,31.79
46,9.9063313130039,1.0050655851726298,343.0,340.15,0.69,0.73,342.92,340.1,1.55,3.08
7,2.8868071227907732,1.7925339691922997,347.96,342.1,1.76,0.35,350.55,327.72,31.15,80.02
35,5.871838955653535,1.8671592975518732,345.85,333.58,1.11,1.5,338.05,330.44,29.55,7.07
35,4.991286768675137,1.987229673182755,353.53,348.58,1.19,1.59,354.76,348.84,14.78,15.5
26,2.430893639434627,1.2287878945130608,351.72,346.45,1.07,0.6,352.4,346.78,2.31,2.22
2,0.34766565970445196,1.925689759222252,349.75,353.46,1.58,1.1,344.16,351.59,12.49,10.2
77,1.6893450035858333,1.45996722450054,351.19,345.11,0.65,1.31,350.83,344.47,3.72,2.2
20,1.04657718593311,0.8421541450394329,350.74,347.92,0.38,0.75,350.89,346.83,2.24,3.51
29,8.353772713144814,0.6250497187760504,344.09,341.93,0.45,0.44,347.85,346.2,24.6,26.6
8,2.8214411435318025,0.859417733215086,352.0,350.67,0.59,0.62,350.2,348.82,7.8,8.72
56,2.3646989518475845,1.8546514613791945,351.67,347.3,0.88,1.63,351.2,347.88,3.25,3.77
30,5.583690773916541,0.3092964609158215,353.95,352.48,0.18,0.25,353.25,352.72,2.36,3.02
26,18.5471777419028,1.167145962843064,336.89,340.01,0.64,0.97,335.92,339.99,1.98,3.54
36,1.010773030298277,1.2678796789600415,350.71,345.43,0.6,1.12,353.48,347.36,16.28,9.95
39,2.6856486598301132,0.6150236437519617,351.9,351.75,0.32,0.52,341.6,360.8,39.68,21.14
6,9.726559452227493,1.831792927504016,343.12,349.99,1.6,0.9,348.27,347.11,22.34,17.66
16,2.729794289695247,1.6867995592764202,351.93,345.91,1.38,0.97,352.81,343.01,8.21,7.34
54,4.789785338702672,1.9188197230333215,346.61,346.94,1.23,1.48,347.64,295.53,8.42,188.21
8,1.9419820690421352,1.8959474205471039,348.63,350.09,0.81,1.71,349.24,349.2,4.79,3.13
36,3.7868629864215446,0.5774241345131813,352.68,349.17,0.55,0.16,352.5,349.09,1.0,1.35
8,6.143131708799554,1.443191905066911,354.34,345.91,0.48,1.36,353.61,347.15,25.93,6.31
4,16.543553036187504,0.99833078349748,338.3,347.18,0.89,0.45,338.29,347.14,1.34,0.55
25,8.147024866948367,1.2799112746727184,355.76,347.55,0.89,0.92,355.45,348.27,14.97,4.5
44,3.6365046497064544,0.625357679944258,352.57,363.82,0.16,0.6,351.83,366.18,3.99,3.69
14,2.5221357258506942,1.005457339934758,348.22,346.91,0.67,0.75,345.17,361.3,33.46,61.78
56,1.0459637703873748,1.8387325189991741,350.74,343.13,1.3,1.3,347.56,341.09,72.67,41.2
102,5.214297546240986,1.4587780307433953,353.69,346.35,1.38,0.48,352.16,345.7,5.59,3.83
15,2.080454935765322,0.8966940419561891,351.47,349.32,0.49,0.75,352.01,349.64,3.35,2.66
9,15.462748530906893,1.0042995445825589,360.93,349.83,0.44,0.9,360.94,349.61,2.57,4.67
39,0.14473630861394676,1.659265708569722,350.1,359.71,0.83,1.44,350.45,357.36,1.7,6.73
26,0.7326191482476905,1.545965559646634,349.48,347.7,0.77,1.34,349.47,347.15,4.25,6.9
9,5.44094676100673,1.1949656548372258,346.15,348.58,0.88,0.8,345.97,346.3,11.26,8.87
3,2.722519851123049,1.987802018616025,348.07,359.31,1.14,1.63,350.75,360.77,7.74,7.97
27,0.6627471892026153,1.5529202457950755,350.47,349.82,0.34,1.52,349.67,348.77,2.78,4.83
1,0.300112313143546,1.7612969428801186,350.21,351.91,0.42,1.71,350.58,350.17,3.94,5.58
72,9.857632987289389,1.9304836419449571,343.03,346.21,1.14,1.56,342.9,350.33,21.1,16.83
1,1.2661931557312218,0.8210146714507492,349.1,356.44,0.57,0.59,341.49,336.67,27.79,73.26
15,0.8026136975444842,1.4226380874088003,350.57,352.24,0.98,1.03,339.45,352.19,43.15,2.32
3,2.7596129368321645,1.2432015067028108,351.95,348.17,1.03,0.7,351.83,347.48,1.69,2.17
54,6.638087911076231,1.9621337388044386,354.69,352.84,0.95,1.72,346.18,359.64,44.97,44.34
19,3.8709263877805644,1.5762270771842455,347.26,350.97,0.85,1.33,344.81,351.59,11.96,2.63
17,6.451216727794619,1.779110694721924,354.56,345.2,1.11,1.39,353.53,345.44,6.24,8.96
4,9.696384074585213,1.4418371555069531,356.86,361.24,1.4,0.34,354.14,360.28,13.87,33.86
60,3.1688425389069756,1.3815729929611988,347.76,354.3,0.6,1.25,347.39,353.77,3.55,3.25
6,7.649073430683596,1.608115509439243,344.59,353.85,1.18,1.1,348.37,370.87,33.44,91.24
31,4.548026062741551,0.3130344166736875,346.78,350.27,0.22,0.22,347.04,350.76,2.88,2.66
406,511.22273154529967,1.0046852101025106,-11.49,-211.75,0.55,0.84,11.76,-168.64,29.75,55.61
13,0.725244499052491,1.0317475634561017,350.51,350.83,0.6,0.84,350.88,351.43,3.57,3.27
24,3.9133617028090026,1.1192929745105997,347.23,350.21,0.43,1.03,347.16,349.91,1.63,4.98
9,6.506676951938776,0.9300802609538842,354.6,345.63,0.58,0.73,355.39,346.25,3.16,2.23
4,4.005911067164647,1.995550064458632,352.83,353.21,1.75,0.96,353.41,352.51,3.62,5.45
27,16.214987371986833,0.6718600583270031,338.53,345.45,0.43,0.52,337.21,345.26,10.29,2.08
35,2.636664790907435,1.7835376307662798,351.86,347.33,1.31,1.21,352.69,346.48,7.22,5.54
10,1.645752167890452,1.6232347650729801,348.84,353.66,1.36,0.88,348.94,353.62,2.36,3.03
60,6.468836044853173,1.570396321174218,345.43,339.05,1.5,0.45,345.21,342.07,10.75,12.84
9,0.9309549040248141,0.6889814920582075,349.34,349.4,0.31,0.61,349.4,348.88,0.91,3.65
4,5.119016617986737,1.2935841598516318,346.38,346.51,0.49,1.2,347.62,346.0,5.47,2.74
50,9.710912253694133,1.7992597708743703,356.87,337.14,0.97,1.52,577.35,92.17,1433.25,1284.06
160,3.4491583383039104,0.6338471363659053,347.56,351.08,0.53,0.34,351.55,349.75,21.12,6.07
17,8.244823237255638,0.4513903194616762,344.17,340.35,0.42,0.17,281.42,245.42,333.59,505.37
16,3.6252867161185907,1.7866498075971682,347.44,348.37,0.89,1.55,347.22,348.69,5.49,9.64
22,8.182394269183748,1.25439535866053,344.21,336.07,0.65,1.07,341.9,335.39,13.79,8.48
41,0.001541213756712896,1.1435265213990125,350.0,350.97,0.94,0.65,355.27,334.16,17.26,40.79
43,1.7367050937427924,0.5644590328735685,348.77,344.57,0.4,0.4,349.92,344.64,4.11,1.31
18,11.30202818623629,1.3567967285008704,342.01,345.21,0.1,1.35,341.67,346.72,2.45,4.3
9,12.12566244156597,1.5112796155253283,341.43,344.61,1.06,1.07,341.34,344.6,2.58,1.92
12,1.5189771316049683,1.4925657331540807,348.93,346.62,1.41,0.48,348.74,345.55,3.96,3.22
14,0.6121239429768222,1.8633593923270784,349.57,347.15,1.3,1.34,349.64,349.82,2.99,17.96
44,6.51998508209469,1.3247230233584124,345.39,355.72,1.21,0.54,346.78,354.58,8.57,4.23
11,14.562091060206273,0.4125409781921816,339.7,359.77,0.31,0.28,338.59,359.08,6.38,3.42
16,3.7886869710881674,0.9225061992313708,347.32,350.73,0.77,0.51,345.84,350.04,6.25,4.53
93,4.802243737638857,1.3793569855579977,346.6,346.56,0.83,1.1,347.44,347.08,3.53,3.9
2,1.969102944676009,1.3131609734071084,348.61,348.37,0.7,1.11,345.48,348.96,10.09,8.82
32,7.621717613125861,1.6210806185607902,355.39,356.45,0.13,1.62,351.9,354.49,9.13,5.86
15,6.917048022154111,1.2656099655173554,354.89,349.79,0.45,1.18,353.79,345.04,9.52,28.23
17,9.492794750467267,1.7374279694386923,343.29,343.23,1.62,0.64,350.1,347.69,20.31,12.99
1,0.5123014797888884,1.198907299115348,350.36,354.21,0.42,1.12,349.69,353.2,8.15,6.73
30,7.44081941741815,0.9266840723889888,344.74,344.62,0.32,0.87,347.69,347.13,8.92,8.8
7,33.286049663447336,1.6501849599144138,326.46,324.7,1.32,0.98,326.9,324.2,1.6,1.75
3,4.222754845115429,0.6269163202503603,352.99,354.8,0.52,0.35,353.05,354.69,1.73,2.27
59,5.919748941340564,0.8045615240245135,354.19,351.67,0.67,0.44,354.13,352.23,1.57,2.04
4,1.3563764957230773,1.0909323821860681,349.04,350.08,0.89,0.63,350.4,348.95,16.25,4.27
39,2.180072816405586,1.5096924620762486,348.46,361.25,0.45,1.44,355.08,357.89,21.34,20.29
5,0.6682806454201724,1.4317706745347514,350.47,345.82,1.02,1.01,345.99,348.65,24.79,12.1
15,1.7005905155358854,1.3878638465664703,348.8,347.76,0.95,1.02,348.1,348.14,5.58,7.81
5,4.047930746508631,1.2979605668221035,352.86,349.54,1.15,0.6,350.57,351.56,9.43,11.06
83,15.18616070880966,0.34909247689823053,339.26,337.65,0.33,0.12,337.89,336.63,4.71,4.27
64,2.2477757177916726,1.9567677622663102,348.41,351.04,1.31,1.45,347.13,350.61,5.01,3.75
5,10.967445965243169,1.7606544791430276,357.76,358.61,1.49,0.94,357.62,359.18,2.52,4.47
21,2.2288950888166643,1.9512470076284407,348.42,343.7,1.0,1.67,349.27,343.75,2.25,3.27
6,1.9469599473809045,1.904939434924086,351.38,350.73,1.68,0.9,355.32,350.6,24.24,12.5
31,3.5016415928809597,1.5742237210078163,347.52,358.33,1.48,0.55,349.17,358.71,7.63,3.23
6,0.8479321599924273,1.291464387986572,349.4,347.01,1.12,0.64,348.88,345.68,3.61,4.78
7,7.147608421456749,1.4759214362141855,344.95,359.0,0.77,1.26,346.39,355.17,5.95,25.07
22,16.800652420473984,1.5717585301061996,338.12,340.61,1.15,1.08,336.97,339.52,6.28,4.72
2,1.23770630293333,1.2417355592553805,349.12,327.85,0.53,1.12,348.24,326.46,1.58,5.34
24,0.2081339053660598,1.0620601326642929,349.85,351.17,0.66,0.83,328.05,366.17,135.13,71.89
37,2.9130516820673225,0.47359049794328834,352.06,346.68,0.29,0.38,352.62,347.03,2.46,1.05
7,3.553276325880519,0.4516152756382838,352.51,351.77,0.16,0.42,352.2,352.0,1.89,1.34
11,3.3911009794351807,1.4107432546168281,347.6,338.54,0.61,1.27,345.71,337.34,7.56,5.99
25,5.328708030706066,1.7878537033136157,353.77,351.48,1.58,0.84,353.15,351.95,2.66,1.35
18,13.210801998038876,1.740573294708624,340.66,347.68,1.12,1.33,341.27,346.72,6.63,6.65
22,1.2351340106067898,0.36554323860938726,350.87,347.83,0.33,0.17,350.6,347.56,1.16,1.07
18,11.658177742457097,1.273853295066322,358.24,348.84,1.22,0.37,358.44,349.26,2.14,2.1
7,3.3615951411546754,0.9775655136768108,347.62,349.93,0.6,0.77,347.52,347.19,1.88,12.9
35,3.4577253127214522,1.5982453798414447,347.56,357.04,0.66,1.46,346.29,358.53,5.82,7.02
20,1.445064678711283,1.350099171219224,351.02,363.49,0.26,1.32,350.82,362.32,0.61,2.68
11,0.7626990493677882,1.5501859648276795,349.46,350.85,0.38,1.5,349.93,350.62,2.28,6.25
1,3.2222766525401014,0.3032563906661802,347.72,349.84,0.14,0.27,347.56,350.76,2.0,5.31
49,5.590031158758416,1.667354317219928,353.95,341.95,1.1,1.25,353.6,341.14,4.08,5.6
1,4.189841684663825,0.6589448071363929,352.96,350.13,0.56,0.36,351.8,349.32,2.81,2.92
18,2.1087399689093638,0.5003423681700834,351.49,347.76,0.28,0.41,351.92,347.45,2.19,1.31
29,3.758179299451578,0.5867779736331517,352.66,340.89,0.52,0.28,352.8,339.9,1.57,7.18
42,57.68774583134567,1.3125183184989384,390.79,380.75,1.13,0.68,386.0,377.0,24.42,19.83
15,4.451002653220084,1.6824287497335662,346.85,354.87,0.81,1.48,348.24,353.12,10.69,9.94
7,2.6198224963731436,1.834479230377944,348.15,348.02,0.63,1.72,348.44,327.59,2.02,74.25
6,4.844253781678913,1.5030689052548338,353.43,357.4,1.17,0.94,351.29,356.44,10.9,3.2
68,15.735508783965425,1.5627602021860472,338.87,363.3,0.8,1.34,340.83,361.64,8.09,5.0
24,4.0175629893579865,0.4739097110792545,347.16,349.92,0.17,0.44,345.32,349.95,6.32,0.85
14,0.1884085583932408,0.8010575213721941,350.13,344.25,0.58,0.55,349.71,344.6,1.39,1.18
9,4.72635698428525,1.4760372310914758,353.34,346.13,1.32,0.66,352.77,346.71,2.5,2.43
51,9.793455797491603,0.7249954239082832,356.93,352.26,0.69,0.21,357.77,352.13,2.15,1.12
26,0.11214539441382083,1.973529647724168,349.92,345.55,1.44,1.35,350.24,341.34,1.77,19.8
19,10.455901332376985,1.896140193137265,342.61,350.19,1.38,1.3,347.77,353.67,27.95,17.1
22,1.1844124791894783,1.5157563591206973,349.16,351.33,1.06,1.09,348.63,351.86,2.98,3.92
32,1.3789180072062237,1.2631891487260059,349.02,349.04,0.88,0.9,347.18,345.38,6.83,11.11
12,12.638133253901259,1.029912635618624,358.94,349.04,0.45,0.93,358.82,349.75,1.51,1.89
8,19.226875144842825,0.2731749754727967,336.4,339.16,0.26,0.07,336.17,336.41,10.31,10.29
139,7.324012314018806,1.2179427187765535,344.82,345.14,1.04,0.64,343.77,344.59,2.31,2.01
8,2.9092048712705907,1.6731570608198818,347.94,349.29,1.48,0.77,338.15,342.01,56.81,19.89
5,2.9402652029556453,1.368994452966188,352.08,354.32,1.03,0.9,351.62,353.76,3.33,1.86
10,1.5618946084985266,1.8496408979044499,351.1,348.94,1.56,0.99,351.03,348.83,3.68,4.11
1,4.39705890035491,0.7787103267490206,353.11,343.78,0.65,0.42,351.68,346.27,5.8,14.54
71,5.7070469788353835,0.4211922401633778,354.04,352.92,0.31,0.28,354.35,353.14,0.99,0.83
3,0.981384246106157,0.6848470790538895,350.69,334.91,0.65,0.23,349.92,334.82,2.21,1.25
11,22.960316583309194,1.7724790525611742,366.24,348.37,1.65,0.65,359.58,332.05,80.3,86.04
21,0.048070037377252746,1.8401836128421651,349.97,346.94,0.64,1.72,349.73,347.78,5.38,5.59
1,1.3138167108207162,1.1376038585926478,349.07,354.38,0.51,1.02,348.91,355.13,1.68,1.88
1,2.3291102532316827,1.3231093065159552,348.35,350.52,0.4,1.26,349.29,350.81,6.39,1.94
33,1.2214763560568942,0.5740671345403334,349.14,345.83,0.32,0.48,345.64,342.86,9.59,26.39
52,8.294562113887743,1.309305614137355,355.87,350.2,0.76,1.07,356.84,350.65,6.6,3.14
4,6.092807357974647,1.9396737720801298,354.31,354.52,1.42,1.32,354.61,354.37,1.94,2.26
29,13.35875918922777,1.1167785651266646,359.45,351.78,0.88,0.69,359.36,351.45,2.34,2.32
14,1.4609405654586307,0.5513290380407968,348.97,350.36,0.43,0.34,348.36,350.6,8.64,10.5
4,7.255820889251367,1.5886782932653063,344.87,340.5,0.63,1.46,344.88,340.94,2.95,2.6
5,3.486623860520409,0.8993427996125497,352.47,346.69,0.53,0.73,352.14,346.44,11.67,1.44
19,11.381688013375925,1.3302032250394833,341.95,346.14,0.9,0.98,334.79,334.17,41.22,61.93
23,6.119909532037379,1.430481685240181,345.67,340.28,0.67,1.26,342.98,339.15,11.45,15.73
27,4.265965653643703,1.660351121657074,346.98,348.67,0.83,1.44,346.35,351.33,6.22,7.28
25,5.816580377621316,0.5910206279195437,345.89,353.37,0.28,0.52,345.32,353.41,3.74,1.25
33,1.8147293410246876,1.2869574144980611,348.72,351.71,0.72,1.07,348.64,348.58,3.63,8.9
8,5.071608569231607,1.2005942764675839,346.41,343.49,0.72,0.96,345.92,343.67,2.61,1.84
36,4.249086262943727,1.143386309365789,353.0,357.16,0.95,0.64,352.91,357.91,1.23,2.41
1,2.6481965138494803,1.488337756628437,348.13,347.5,1.37,0.59,349.35,345.84,8.28,6.65
87,6.917278698557296,1.0966614518165798,345.11,344.93,0.42,1.01,346.12,345.59,3.64,3.0
18,2.3711793679693023,0.6873672384371905,348.32,349.94,0.64,0.26,350.12,349.04,4.29,5.57
13,15.692912656495777,1.8637433846530185,361.1,369.98,0.87,1.65,361.42,370.22,1.97,3.19
1,3.1883801242837593,0.5589186083409653,347.75,350.62,0.36,0.43,348.07,350.36,0.82,0.95
28,0.676674453980666,1.7249169054580842,350.48,353.85,1.43,0.97,351.93,354.09,4.51,4.73
3,1.764254585164778,1.5741399760523707,351.25,350.7,0.15,1.57,349.83,351.25,5.76,12.81
1,5.975462249665864,1.6715154389798477,354.23,345.75,1.0,1.34,353.14,343.14,10.16,8.58
28,0.5739810307454929,1.4809330768672095,350.41,347.62,0.96,1.12,352.32,345.57,4.4,4.27
2,6.479763369293869,1.1230645051931354,345.42,357.93,0.3,1.08,346.2,357.93,3.17,2.28
5,6.075722508917229,1.599943677007885,345.7,352.94,1.28,0.96,345.63,350.38,8.07,19.99
9,2.410367516129824,0.9543996189010784,351.7,350.31,0.81,0.51,352.33,349.22,2.0,5.0
16,16.054228872998415,1.6220340224166403,338.65,342.33,1.29,0.99,341.6,345.53,16.09,19.04
265,13.886961142542344,1.6751400175507238,340.18,367.21,1.17,1.2,332.41,367.05,16.31,5.05
1,2.563684403236133,1.2167435726764186,348.19,349.8,0.94,0.77,347.46,352.42,4.12,11.58
23,5.674429174831273,1.9881981294768138,345.99,341.32,1.23,1.57,342.46,294.2,13.21,172.06
81,2.9187095324658157,1.2167158881031144,352.06,354.3,1.09,0.54,344.2,355.25,36.94,6.79
50,1.670668655460702,0.9721617302051996,351.18,350.49,0.45,0.86,349.76,350.52,4.69,1.48
32,4.12680040548917,0.4878056565610625,347.08,356.4,0.26,0.41,346.79,356.37,0.5,1.91
10,8.892405351080022,0.9566429147686593,356.29,348.69,0.73,0.62,357.33,349.46,4.97,2.32
9,4.280128574460444,1.9155967904313775,346.97,345.05,1.08,1.58,346.87,344.05,2.74,8.54
30,4.255934368173864,1.38366164220069,346.99,349.43,1.24,0.62,347.08,349.98,1.6,4.74
5,1.781214511599165,1.7812727229888283,351.26,354.1,1.05,1.44,354.48,356.26,9.74,7.75
2,5.007395642978216,1.4083296221574075,353.54,355.85,1.1,0.88,352.86,355.27,2.27,2.34
2,7.344343799947087,1.3166997847489246,355.19,351.63,1.1,0.72,354.86,350.23,5.14,5.16
14,1.8909690446688034,1.521853513075519,351.34,347.84,0.96,1.18,341.19,348.21,27.74,2.42
4,5.210644095153994,1.3934472774476494,346.32,346.4,0.64,1.24,345.79,348.87,9.21,8.49
22,3.6735454501702547,0.3925447165632913,347.4,358.88,0.29,0.26,347.53,359.39,0.71,2.33
18,10.178872600290546,1.2678188729355881,342.8,352.59,0.7,1.06,346.51,358.54,16.64,17.13
10,0.886372248351676,1.1626900582512485,350.63,345.14,0.71,0.92,350.09,344.59,2.74,2.37
23,5.375709191085011,0.9806667358408654,346.2,347.41,0.57,0.8,334.3,305.13,48.79,140.06
6,0.9605325776563746,1.8631714460675386,350.68,344.73,1.26,1.38,350.78,345.5,4.46,4.88
90,2.7750132527892557,0.9433786117585072,348.04,347.34,0.84,0.43,349.12,347.66,5.14,1.65
135,2.8649299065182254,0.8387898385694386,347.97,350.81,0.12,0.83,351.09,351.18,6.05,1.41
5,3.5370240992645576,1.1805317824906612,347.5,356.8,0.55,1.05,350.12,360.53,13.46,8.66
1,0.4155414511885053,1.3680029218424916,350.29,352.19,1.31,0.4,350.54,353.05,2.3,4.72
37,5.825918685696805,0.6575339298655248,345.88,355.13,0.3,0.58,346.28,355.61,2.43,1.88
26,2.9660315237728345,1.8107427776144456,352.1,345.22,0.94,1.55,373.34,342.26,63.5,12.77
68,5.986951121932239,1.5290793922705523,354.23,354.32,1.41,0.6,349.97,354.66,9.12,9.85
12,3.61312636954672,1.0594401810845409,347.45,350.36,1.02,0.27,345.82,381.53,4.9,163.1
23,22.627913343911523,1.370851135374267,334.0,338.32,1.0,0.93,336.15,339.39,10.02,9.65
1,8.322886119726958,1.3100301055427788,344.11,347.82,0.43,1.24,343.8,348.06,4.1,1.78
12,0.778476559883296,1.6780618344692388,349.45,353.91,0.38,1.63,348.91,351.83,1.56,4.72
9,2.1987541303815634,1.5033812814090448,348.45,346.92,0.61,1.37,349.77,350.01,8.31,12.77
22,3.907694571093305,0.8453305134916912,352.76,347.25,0.47,0.7,354.05,346.09,5.83,5.36
22,0.8676808893222729,1.04834387932959,350.61,351.84,0.47,0.94,356.88,352.04,23.45,3.19
32,3.3036869114424134,1.9028420847870615,347.66,350.66,1.53,1.13,346.95,350.76,4.27,3.19
2,8.434543431742918,1.1218763593209553,344.04,349.28,0.74,0.84,345.23,350.35,7.13,4.18
11,0.901176347158744,0.2438243052451133,349.36,349.74,0.14,0.2,349.37,349.66,0.18,0.25
42,7.213050609181903,1.913013920039529,355.1,348.54,1.71,0.86,356.47,347.98,3.47,1.66
79,4.266957961258146,1.1049774409381103,353.02,354.29,0.71,0.85,351.95,353.71,2.92,3.53
15,5.773430272698581,1.4646904215166017,354.08,353.6,0.46,1.39,359.59,360.46,10.88,16.34
2,1.1175380810647877,1.592027034116034,349.21,346.68,1.21,1.03,349.21,346.96,1.48,2.01
261,1.6964324871063434,1.4925638694067345,348.8,340.31,0.56,1.38,320.14,344.27,135.63,22.6
22,4.248603767010844,1.7878678144502453,347.0,346.61,0.75,1.62,346.35,347.65,2.78,5.96
2,3.3394041347792047,1.5408645224613713,347.64,350.24,0.54,1.44,348.8,349.71,7.42,3.88
13,1.7240248786369619,0.22840225706363543,351.22,348.99,0.07,0.22,351.13,348.4,1.02,1.91
18,1.842018159263735,0.9546126537223933,351.3,351.26,0.86,0.41,348.99,360.37,14.43,46.41
82,4.859151801542997,1.9348286566056447,346.56,348.04,1.69,0.95,347.54,345.66,3.36,7.42
5,5.244291642278772,1.7570195690150077,346.29,357.75,1.27,1.21,347.38,361.47,10.55,19.07
3,1.0525219324431727,1.8611000736782524,349.26,347.81,1.68,0.81,348.58,347.15,5.66,3.6
1,4.8887824657940335,0.820113904038246,346.54,344.81,0.4,0.72,345.74,344.23,2.27,2.31
27,1.1252305067771176,1.4300755285175055,349.2,349.17,0.82,1.17,349.23,348.78,1.37,2.07
9,12.35824266447605,1.192687530166864,341.26,348.57,1.0,0.65,337.73,347.13,8.8,5.02
11,5.533785663767138,1.5615648749254771,353.91,348.91,0.77,1.36,353.89,348.71,3.23,5.63
13,5.299269704104819,0.98917977347965,353.75,343.63,0.47,0.87,354.27,343.26,2.62,1.92
19,6.489664630878144,1.7014050454935985,354.59,333.24,1.25,1.16,365.15,340.95,31.63,12.13
11,0.6788415906282651,1.1817391177747967,350.48,355.68,1.13,0.35,350.91,356.03,3.1,1.1
12,9.99152865071431,0.49762108167426644,342.93,344.49,0.44,0.23,342.75,344.37,0.96,0.81
23,7.150177285871015,1.8791636173232884,355.06,360.25,0.46,1.82,358.79,363.1,57.66,14.43
38,3.494569033229769,1.0465997818345187,347.53,349.58,1.0,0.32,347.08,349.09,2.87,1.88
1,1.8409818570001362,0.7214003106236251,351.3,351.54,0.66,0.28,351.37,352.25,0.63,1.53
82,7.1544909435335295,1.3331340157448126,355.06,346.28,1.16,0.65,357.9,347.94,10.97,8.29
500,439.04179784268496,56.532481083561,39.55,-1.73,39.07,40.86,14.41,3238.87,130.97,136218.84
15,0.7056246184247635,1.3448808477117746,350.5,353.75,0.66,1.17,350.19,353.77,1.85,2.21
2,20.117579999790323,1.9002778980988464,335.77,357.15,1.66,0.92,334.54,358.8,12.08,11.11
1,10.177344137501946,1.2484494170158873,342.8,352.9,1.13,0.54,347.91,346.19,30.4,33.29
14,14.908567895637278,1.5847677836780816,339.46,343.75,1.29,0.93,342.07,342.14,39.44,24.21
29,0.3448479959563764,1.3346360402149393,350.24,345.31,0.82,1.05,348.54,344.38,7.1,3.61
3,4.878729494599853,1.1088475578749892,353.45,352.55,0.38,1.04,352.05,351.0,5.12,5.44
48,8.058416155656591,0.9396101242689501,355.7,352.98,0.74,0.58,355.69,352.73,1.37,2.05
1,3.0978905705769,0.9554286829227925,352.19,347.82,0.47,0.83,352.12,347.52,4.9,2.66
4,1.562594496566256,1.9706898553467824,351.1,357.6,1.25,1.53,351.27,357.31,4.34,8.17
2,0.2719860271116113,1.772090930185255,349.81,350.13,0.48,1.7,362.46,377.12,45.83,110.57
46,0.8727980004160373,0.3256351151400575,350.62,336.76,0.12,0.3,349.84,335.48,4.21,8.56
11,2.062948923554239,1.6186954025758393,348.54,344.87,0.63,1.49,350.09,345.22,5.99,2.29
16,4.450727512711123,1.0654546501725253,353.15,347.05,0.66,0.84,353.14,347.33,2.48,2.41
13,3.072378852260396,1.1569551774559028,347.83,346.61,0.34,1.11,335.77,348.31,44.75,26.42
120,25.585241011354054,1.6000921584985437,368.09,361.95,1.19,1.07,372.76,362.63,12.8,3.58
8,10.029303878565928,0.6556379684288679,342.91,354.5,0.15,0.64,342.29,354.65,2.72,4.98
27,1.8360025498358696,0.3560081026132676,348.7,346.46,0.22,0.28,348.31,345.74,2.66,5.84
4,3.0920584677688225,1.328520694480746,347.81,353.19,1.08,0.77,349.59,354.3,6.93,8.11
43,2.5289237011232677,1.9559505667597568,351.79,344.0,1.28,1.48,351.3,342.07,8.79,6.07
35,3.7561561096190417,1.3000366960830068,347.34,346.08,0.46,1.22,347.68,345.5,3.08,2.61
20,3.9196771090836555,1.0533156911405115,352.77,307.61,0.68,0.81,345.73,306.17,36.23,35.92
25,4.128873734106311,1.3603331231002895,347.08,341.51,1.13,0.76,352.54,351.66,8.81,28.25
35,10.668267644729443,0.7887076024748294,357.54,359.86,0.48,0.63,357.5,361.24,2.17,8.85
5,18.446122166094035,1.136051561242863,336.96,353.66,1.11,0.26,335.73,352.55,9.37,3.0
55,1.8965732192567788,0.5826544313631153,351.34,351.27,0.12,0.57,351.08,351.43,0.78,1.64
21,5.632747493785122,0.9924548896094325,353.98,338.79,0.82,0.55,353.32,341.36,1.44,5.92
46,6.182301084559707,1.221003879060742,345.63,342.1,0.87,0.86,354.05,326.13,47.23,80.19
30,1.102293810608727,1.5384175017623392,350.78,346.14,1.06,1.11,351.03,332.51,11.19,63.53
32,3.4175538377714085,1.9871466698686315,347.58,349.09,1.18,1.6,347.13,348.07,3.7,6.61
62,3.851459574823082,1.9956343497953521,347.28,348.68,1.56,1.24,347.1,347.72,2.86,3.13
37,9.364023275321165,1.4989004442151588,343.38,343.62,0.99,1.13,343.12,343.74,3.33,2.44
36,2.631004251908139,1.4691275659376228,351.86,350.91,0.31,1.44,363.67,351.56,25.93,4.94
7,3.3584941772014294,1.4638336154573226,347.63,343.0,0.97,1.1,347.29,343.92,1.78,3.77
10,15.826107034151178,1.9514814287651505,361.19,351.56,1.71,0.93,361.51,352.45,4.49,4.99
53,6.667826657516695,0.9829008999631396,354.71,353.09,0.68,0.71,354.97,353.13,2.1,2.24
24,5.32719690506148,1.320304273794881,353.77,349.61,0.4,1.26,351.82,350.19,9.64,3.43
94,1.2116340422833027,1.7718174441004364,349.14,344.31,1.25,1.26,349.27,345.17,1.8,2.07
17,4.297711690560324,1.100005831968534,346.96,345.59,0.56,0.95,345.18,344.41,10.73,13.88
10,4.839951500648989,1.701590592564438,353.42,354.71,1.62,0.51,352.95,354.61,3.99,1.31
15,8.9871684084917,0.9567793314916815,356.35,356.48,0.42,0.86,356.74,356.38,1.29,1.04
9,2.1782257358351313,0.8785030973417823,348.46,358.46,0.82,0.32,348.43,357.83,1.01,2.92
13,6.222070195404515,1.115944950004184,354.4,348.0,0.81,0.77,346.17,346.73,47.6,8.95
83,1.4267457326055395,1.4854831105245505,351.01,346.5,1.14,0.96,350.91,346.44,4.96,2.93
8,20.281306504353363,1.232591576468157,335.66,338.54,0.74,0.98,337.87,331.07,37.14,28.51
1,6.043725525231778,1.5015881905910073,354.27,352.06,0.82,1.26,353.12,350.77,3.55,5.15
13,14.017845650647006,0.5934683392212238,359.91,345.93,0.29,0.52,359.16,345.87,10.27,1.19
22,1.451744684342676,1.0543677562395888,348.97,363.04,0.85,0.62,348.47,362.63,2.48,2.36
14,4.397841763567973,1.899825701994924,353.11,354.17,1.83,0.52,353.96,352.32,2.84,5.94
31,8.081926102706527,1.2317082961087693,344.29,346.51,0.65,1.04,344.7,350.2,3.87,12.15
29,1.1620115612744186,1.9551279772853225,349.18,353.34,1.19,1.55,350.65,354.52,9.63,4.65
5,1.7019686971452888,1.5004479645245759,351.2,352.87,1.28,0.79,350.88,353.6,6.54,2.85
59,3.285207363302601,0.26613054854725093,352.32,343.84,0.09,0.25,352.6,344.06,0.77,1.57
10,0.9262802525709858,1.1460354981411844,350.65,350.25,0.89,0.72,349.42,350.4,8.76,2.05
54,2.465801567873368,1.7744966517995713,351.74,352.88,1.25,1.26,351.76,353.27,5.73,2.75
14,3.277045294339918,1.177507927556415,352.32,361.1,0.65,0.98,394.73,374.97,221.42,81.91
10,3.7925757242534113,1.9538300322974842,347.32,348.41,1.5,1.25,340.02,351.62,19.6,9.79
3,1.8047707329477451,0.9956549630064286,351.28,350.76,0.64,0.76,351.21,349.83,2.09,3.36
40,5.501418352794048,0.26826606682685417,346.11,343.64,0.22,0.16,346.22,343.74,0.34,0.29
12,0.8672779557926866,0.3442144752320124,349.39,352.73,0.29,0.18,346.1,352.82,6.61,5.5
1,4.1933252539471875,0.9513007775407254,347.03,349.73,0.85,0.42,347.15,349.98,1.5,1.14
39,5.045557301842753,1.8194560909289308,353.57,341.59,1.44,1.12,357.62,337.28,18.61,16.44
12,4.301456755976143,1.4343056380119417,346.96,338.49,1.33,0.54,332.25,341.45,50.3,8.33
500,411.64541663401843,58.47334143239379,58.92,42.13,38.3,44.18,69.14,82.29,91.74,151.38
3,2.4484618524144053,1.053901791688112,348.27,348.29,0.48,0.94,348.37,347.87,2.19,2.86
60,1.650345247487597,1.7224374556215967,351.17,354.51,1.28,1.16,346.99,353.26,15.99,3.96
99,1.1318910662014303,1.802375460690977,349.2,351.41,1.09,1.43,350.31,351.51,3.79,3.47
18,2.2725586883620683,1.8742826001690343,351.61,342.22,0.24,1.86,352.49,347.77,3.71,23.65
5,0.17749491505150877,1.3767060579315389,349.87,344.07,0.73,1.17,349.23,344.41,3.16,2.13
47,7.79831403695325,1.790575203801386,344.49,364.53,0.85,1.58,352.65,367.91,44.85,17.49
74,15.767957167408888,1.9673186663567657,338.85,337.32,1.24,1.53,337.23,336.2,6.87,6.52
3,0.13777643504696768,1.9911408965448623,349.9,345.13,1.7,1.04,349.83,346.07,9.85,7.26
33,7.25250396369229,1.8570455434124042,355.13,355.07,0.79,1.68,355.21,355.59,2.41,4.77
13,2.3436567122288623,1.0691993841527856,348.34,356.12,0.94,0.51,348.11,355.48,4.03,4.24
11,2.9930632619698896,1.1656047252644626,347.88,347.7,0.3,1.13,348.01,349.97,9.63,6.73
32,6.889036310416521,1.7515420452512138,354.87,346.86,1.57,0.77,354.57,345.01,2.53,3.5
18,3.705853591172768,1.8060869392354226,347.38,350.23,1.44,1.09,346.61,349.76,2.33,1.76
17,0.34490719142328496,0.8376343188060829,350.24,347.02,0.44,0.71,348.44,350.87,6.86,13.07
2,3.7377167782362024,0.3633112921451488,347.36,353.57,0.22,0.29,348.01,352.64,2.26,3.25
3,0.9400543244392534,0.5986936988224217,349.34,349.01,0.5,0.33,349.21,348.96,0.85,0.63
2,0.019554046454344266,0.5408943756916469,350.01,349.62,0.18,0.51,349.53,349.5,1.36,0.97
29,3.6350524043485066,1.8903835871933787,347.43,345.57,0.64,1.78,346.1,341.07,6.48,9.55
1,4.838628783261401,1.926148022412233,346.58,341.52,1.39,1.33,346.81,342.59,4.65,5.97
16,1.0333756100018012,1.850141740698325,349.27,351.29,1.47,1.13,350.32,356.38,4.11,24.28
9,1.1926601709713478,1.7176794610686683,350.84,353.65,0.57,1.62,356.06,347.54,23.26,17.68
14,3.5142235185795263,1.2563307518970452,347.52,354.44,0.54,1.13,344.91,352.03,8.33,7.62
6,10.36330391225755,0.7677092943396393,342.67,337.72,0.67,0.38,336.99,337.49,24.27,5.79
4,22.48270039153204,1.833220277003667,365.9,341.68,1.61,0.87,363.98,341.42,6.32,3.8
27,2.1503122485036807,1.4322309776024678,348.48,353.58,1.1,0.91,348.96,353.56,12.9,1.48
1,9.22786323523157,1.0668613096311703,356.53,348.66,1.02,0.31,356.57,347.95,1.22,1.83
1,0.4720053689154809,0.3651247002578621,349.67,353.7,0.19,0.31,349.43,353.82,0.86,0.45
42,3.077579263674976,1.8751159636779784,352.18,346.0,0.55,1.79,350.57,344.32,4.39,7.61
32,2.971574952643874,0.8678871244372047,352.1,368.52,0.16,0.85,352.15,368.33,0.57,1.49
21,3.890868787114152,0.4318905602577881,347.25,355.04,0.35,0.25,346.95,355.04,1.03,0.51
38,7.979258481602907,0.584249682398454,344.36,357.25,0.54,0.23,343.44,357.42,2.24,0.86
6,6.489594541863004,1.4209137286559863,345.41,354.03,1.1,0.89,342.28,351.24,9.15,14.07
50,26.81584016620486,1.8749419076776088,331.04,426.42,0.54,1.79,329.23,427.15,8.06,7.08
1,2.2680088538848793,1.4013565361586062,351.6,353.83,0.86,1.11,351.1,353.99,1.73,2.0
12,1.5451498668494374,0.8854225662430255,351.09,357.28,0.78,0.43,351.11,359.05,1.11,4.67
9,0.44493736429880487,1.8488893956732253,350.31,346.16,0.99,1.56,349.58,348.84,5.19,37.18
12,4.2834358995249575,1.8230504325160097,353.03,333.4,1.34,1.24,354.25,332.14,9.85,14.21
27,1.6804041925928732,1.5358261574993064,351.19,348.4,0.77,1.33,351.14,348.44,2.04,5.33
9,1.386352690904519,1.1118790879953253,349.02,347.68,1.09,0.22,349.52,347.84,2.57,2.62
52,8.351414264716837,1.7493095100051819,344.09,354.87,1.25,1.22,344.94,354.56,5.27,4.26
18,3.7784637512192485,1.7836239767343283,352.67,351.08,1.52,0.94,349.36,355.81,7.03,14.67
11,2.826839418277297,1.0182039608278406,352.0,351.3,0.23,0.99,343.99,371.58,25.94,119.43
20,0.41687163080364914,1.9664045689347969,349.71,364.12,0.52,1.9,349.85,366.82,4.18,8.89
8,3.3833439125788916,0.3369296559527651,347.61,351.75,0.26,0.22,347.63,351.73,0.37,0.36
41,2.8011499347797835,0.726274839207122,351.98,351.74,0.19,0.7,350.33,350.38,8.47,6.51
8,1.0072160897042157,1.5537528789363846,350.71,345.64,1.16,1.03,351.04,346.13,5.8,3.11
36,6.067053867563387,0.17580305728907517,345.71,346.25,0.15,0.09,345.73,346.2,0.16,0.17
6,1.8146070005172112,1.4351159039370964,351.28,348.67,1.16,0.84,353.06,348.6,4.88,7.72
35,5.312665633048839,1.811665374345546,346.24,342.13,0.56,1.72,345.79,343.49,3.41,5.07
23,0.9308154445112077,1.4655325269703683,349.34,349.47,1.21,0.83,349.07,344.5,4.18,10.61
4,5.8579397777358055,0.3894836579196965,354.14,345.21,0.29,0.26,354.07,344.95,0.59,0.64
7,1.506730415445341,0.22682818103139799,351.07,363.5,0.21,0.09,350.85,363.83,0.92,1.48
13,4.076405112239913,1.644408333101209,352.88,356.73,0.79,1.44,348.04,357.6,10.05,4.58
3,11.230567567342485,1.1048353186192448,357.94,348.86,0.93,0.6,357.35,348.68,2.07,1.21
18,10.517583543155308,1.6722842538785732,342.56,350.85,1.16,1.21,341.31,350.74,6.02,3.5
67,2.472096985828741,1.209644237814949,348.25,348.57,0.92,0.79,346.69,341.38,4.14,21.67
27,5.162765208186141,1.7632745022302205,346.35,355.16,0.87,1.53,346.2,349.88,2.91,20.56
59,6.094437980303863,1.7017898925068866,354.31,342.73,1.46,0.87,352.78,342.48,4.06,4.22
72,1.1393572473956561,1.657080631664758,350.81,347.79,0.83,1.43,350.77,349.03,4.33,6.84
3,1.7385913789275058,1.8045561365527447,348.77,361.54,0.51,1.73,347.4,361.47,6.58,5.4
5,0.7750366421498128,1.4917151371339026,350.55,342.82,1.14,0.96,348.9,342.13,15.48,4.54
76,8.15757964656389,1.8246424605739027,355.77,347.58,0.91,1.58,356.85,351.24,3.72,15.06
39,4.614342860492765,1.7945658986319133,346.74,344.94,1.08,1.43,347.68,340.12,8.27,29.11
23,2.0811542123520472,1.0191046727101334,351.47,343.53,0.79,0.64,350.12,344.09,6.83,3.33
29,13.113738168415848,1.8424927603325199,359.27,361.62,1.52,1.05,359.39,362.16,2.0,1.68
42,2.6657973077891093,1.053181369476406,351.89,349.85,0.63,0.84,350.68,353.32,6.47,14.59
28,4.41899125895341,1.979023514393411,353.12,352.2,1.08,1.66,354.23,352.11,2.89,4.82
30,14.683956625516606,0.9840761191302217,360.38,359.38,0.53,0.83,361.95,363.25,6.65,10.49
29,2.643189306484478,1.8204086609852483,351.87,352.97,0.7,1.68,353.1,354.31,6.98,4.16
1,5.119189232138878,1.4306758967902071,346.38,354.13,1.05,0.98,342.59,354.74,12.9,11.68
34,0.8408082988355279,0.6123315399751234,349.41,348.96,0.42,0.44,349.24,348.28,1.58,2.09
20,5.682936273831325,1.4900177670316679,345.98,351.03,0.2,1.48,345.7,350.82,4.02,1.54
36,1.8532956785126393,1.0134673370499998,348.69,355.79,0.45,0.91,-790.28,1332.05,6002.94,5151.75
9,2.387382998969,1.690811735402689,351.69,358.22,1.6,0.56,348.48,352.61,17.16,29.7
7,4.187050970086814,1.5363936414052994,347.04,356.31,1.24,0.91,359.35,334.98,48.32,99.84
3,2.6299628948955713,1.4467768657839986,348.14,348.45,1.14,0.89,348.8,347.76,2.95,5.8
28,8.368985926010344,1.5420762216927861,355.92,347.11,0.5,1.46,355.47,348.65,1.72,6.81
47,6.841685714284793,1.4741995195435371,354.84,349.04,1.38,0.51,355.82,348.63,2.44,1.32
2,3.168062455079241,1.0699142650807485,352.24,337.81,0.86,0.64,353.37,337.98,5.25,1.25
41,2.2359188077350876,1.3481889217936796,351.58,351.66,0.62,1.2,351.22,351.41,1.66,2.66
13,0.5134671865161682,1.5945433293451616,349.64,351.86,0.9,1.32,350.34,351.85,2.36,6.54
38,1.190256398262788,1.6631837983473223,350.84,370.24,1.14,1.21,351.93,367.5,3.21,4.55
16,9.052376730752885,1.3773638329861473,356.4,332.13,0.47,1.3,354.06,331.2,11.8,6.21
8,4.397281015124809,1.6355536411807006,353.11,342.05,1.49,0.68,349.06,339.11,14.29,25.53
29,6.834337522936293,0.6043921045085836,345.17,343.08,0.46,0.39,345.12,343.21,0.94,1.18
28,4.921985511574414,1.5786145145214319,346.52,358.45,0.54,1.48,346.5,365.6,1.4,16.72
29,4.620976755977541,1.2450679324600626,346.73,353.54,1.24,0.07,346.9,352.74,7.92,9.41
4,0.9847401461779157,1.595009123863689,350.7,350.81,0.95,1.28,347.34,353.13,5.82,6.4
80,2.5775112215687406,1.9631771853289741,348.18,350.78,1.86,0.64,350.41,354.09,9.79,10.93
12,9.840893667183606,1.610918118929945,356.96,352.71,0.73,1.44,364.02,358.4,37.22,35.98
12,9.42511853018749,1.9279762400533984,343.34,349.4,1.8,0.69,342.54,349.39,3.17,3.17
6,1.9248431893273952,1.4558778631375775,351.36,351.57,1.09,0.97,350.91,348.46,4.66,18.01
33,0.024943291748415492,1.3102879044281053,349.98,351.59,0.86,0.99,353.89,354.81,26.3,14.79
3,6.9709670941538935,0.516537981110583,354.93,349.99,0.2,0.47,353.12,351.48,10.8,8.74
22,5.579363774014236,0.8136329830055058,346.05,346.74,0.69,0.44,343.46,330.03,11.29,61.76
17,1.5959396111931716,0.6506135764359036,351.13,353.37,0.58,0.3,351.34,353.03,0.98,1.85
2,0.7344765751832563,1.7530548623174624,349.48,351.42,0.65,1.63,346.15,348.81,8.95,9.6
8,13.103449980742466,1.8348400636574997,340.73,314.36,0.75,1.68,340.66,312.32,4.61,8.19
21,6.263794847457339,1.637048541039463,354.43,354.23,1.44,0.78,354.76,354.61,2.17,4.92
8,0.3724447319173332,1.984714850651519,350.26,347.76,1.72,0.99,346.84,347.32,4.87,1.74
5,12.959117721091902,0.49581737676693277,340.84,337.21,0.38,0.32,340.94,337.25,0.76,0.99
28,4.210197602648418,1.3469115392361843,352.98,346.7,0.45,1.27,353.37,346.97,1.89,1.64
2,4.256850216917406,1.5407310171650146,346.99,354.38,1.01,1.16,346.98,354.97,16.97,31.71
51,6.150907197594291,1.8774958747697954,345.65,346.97,1.63,0.93,346.29,347.12,3.43,2.87
13,10.153053847377683,0.6093091901075642,342.82,353.63,0.07,0.61,331.79,363.49,68.4,31.43
19,14.02396292217587,1.8063428252297622,340.08,352.94,0.8,1.62,340.5,353.52,1.83,5.16
22,10.381832045743401,0.6615087913085369,357.34,342.64,0.52,0.41,358.45,341.06,4.53,4.6
16,0.5121383930366473,1.395902152840304,349.64,348.36,0.75,1.18,350.08,350.4,2.37,4.11
17,4.425809925605476,1.4892754925183196,353.13,358.06,0.57,1.38,351.79,358.49,6.38,2.72
89,2.3707301546412776,0.7772543187697948,348.32,352.68,0.44,0.64,347.95,353.87,1.04,14.78
9,8.885825282760145,1.5518444188921134,356.28,357.73,1.25,0.92,364.29,358.02,38.48,1.99
6,4.78341057099029,1.574797379512707,346.62,360.07,1.08,1.14,346.59,360.03,2.08,1.38
3,8.062061537616536,1.594362274280884,355.7,353.08,1.11,1.14,361.08,357.27,17.45,10.21
2,2.5963598019804754,0.6183881661007563,348.16,342.66,0.59,0.17,347.17,342.15,4.04,4.24
1,4.742055102738455,1.5858655544407114,346.65,345.75,1.41,0.73,347.71,347.22,9.13,6.27
30,6.799018636787307,0.9243188686446722,345.19,354.67,0.82,0.43,344.48,354.22,1.34,1.36
15,0.6658746023049815,1.8655710584334004,349.53,350.28,1.65,0.87,353.86,349.04,10.84,5.49
1,1.8382995149446646,1.150101304360924,351.3,348.61,0.55,1.01,354.58,349.1,12.67,2.09
95,6.38303264570069,1.8224830390902538,345.49,351.83,1.68,0.71,345.25,352.74,3.7,5.09
33,1.4032297435554064,0.6128312450134308,350.99,349.39,0.42,0.45,351.21,349.23,1.57,1.43
11,2.9006868917058113,1.65928004813904,347.95,343.92,1.55,0.59,349.67,348.99,16.69,24.41
20,2.5507082032995902,1.8236508225531822,351.8,359.32,0.76,1.66,351.18,357.5,2.38,4.02
30,6.073220043731007,1.6983030757008106,345.71,358.2,0.68,1.56,349.28,357.73,13.1,6.58
32,37.70298730481979,0.2540336349671991,323.34,326.66,0.22,0.13,323.38,326.74,1.22,0.43
7,1.7378114270462215,1.3704767841934213,351.23,343.51,0.8,1.11,353.99,344.64,7.5,5.33
6,4.104237535065021,1.869094865298734,352.9,346.4,0.82,1.68,351.75,350.06,6.06,11.46
2,0.0059564379748402,1.4016966634166879,350.0,351.59,0.86,1.11,342.26,349.76,40.92,15.81
26,0.6235095367209073,1.422425277508909,349.56,349.19,1.2,0.77,350.05,347.88,3.26,5.73
7,1.926123550627219,0.09249441132982206,351.36,359.49,0.05,0.08,350.61,358.05,2.45,3.65
36,10.286396225022946,1.243311443396544,357.27,346.75,0.84,0.92,351.95,343.29,17.02,21.35
38,2.1645123533585484,0.47369649083629234,351.53,345.75,0.22,0.42,353.64,350.69,8.65,18.9
188,0.33994193836781733,0.9530797484758444,349.76,348.5,0.77,0.56,354.27,346.69,22.66,10.37
10,0.007544744792746781,0.9130153062178968,349.99,343.17,0.8,0.44,350.15,343.04,1.93,1.41
12,6.851570014309016,1.8315152877951881,354.84,345.62,1.24,1.35,357.08,334.13,12.66,34.06
7,2.2142326402667694,1.6888188117774017,348.43,349.01,1.37,0.98,348.63,348.68,2.9,1.63
33,1.3224591869999274,1.0984884759230265,349.06,344.69,0.24,1.07,342.01,366.03,28.23,115.69
14,1.106455264336944,1.648806564544167,349.22,345.71,0.75,1.47,349.92,344.89,5.78,5.35
102,6.9426196402101175,1.2178143420319363,345.09,353.26,0.94,0.78,345.87,352.2,5.09,9.41
16,1.723933988686193,1.6941798824420982,351.22,346.24,0.56,1.6,354.73,347.62,10.84,9.7
44,2.8211577701245707,0.29212963020843546,351.99,356.52,0.13,0.26,351.17,356.72,2.72,0.78
102,1.2365740658305557,1.858301309619312,349.13,346.44,1.48,1.13,344.09,349.63,19.45,9.81
49,5.324750308193875,1.39459664205178,353.77,361.53,1.24,0.64,353.41,359.45,22.17,18.52
3,2.766319236112489,1.03395057240003,351.96,358.57,0.63,0.82,351.94,359.45,4.69,7.82
34,2.5673470912336724,1.9823658946674216,348.18,355.12,1.44,1.36,347.95,363.59,9.41,40.2
97,6.0911291136256445,1.9945845044296104,354.31,348.48,0.84,1.81,354.85,348.1,2.2,3.19
19,4.00328949209705,0.40941896873341077,347.17,359.21,0.15,0.38,347.89,356.11,2.28,5.86
1,6.918833391060784,1.183119789278761,345.11,358.42,0.65,0.99,347.2,356.06,6.63,5.85
7,4.860233541523722,1.094718018635507,353.44,348.8,0.37,1.03,353.23,347.58,3.09,4.74
60,1.2321766319863556,1.8558157261216268,350.87,347.76,1.05,1.53,364.1,343.99,65.07,11.93
11,0.4581918149533932,1.2274456291409244,349.68,346.33,0.89,0.84,348.68,347.28,2.04,7.92
64,5.43014198848961,1.1577511088669004,346.16,349.36,1.08,0.43,346.99,353.07,7.01,19.83
3,2.546514711038282,1.6554813210735926,348.2,347.9,1.1,1.24,346.5,346.71,6.39,3.87
6,0.5878685260061559,0.9330262527600413,349.58,347.93,0.64,0.68,349.61,347.98,1.29,1.06
6,4.066313340674502,1.6588696183232188,347.12,350.04,1.21,1.13,347.49,346.66,4.81,13.07
19,0.08419285369676456,0.3649017578862367,349.94,352.39,0.36,0.08,350.2,352.64,0.52,0.53
16,9.22982370571227,1.4794123950149776,343.47,344.72,0.91,1.16,343.03,343.76,4.32,5.7
1,6.248057776840645,1.873516265220685,354.42,346.98,1.66,0.87,356.94,349.96,13.96,18.79
2,9.714170514230798,1.6295592249116189,343.13,345.46,1.33,0.94,342.36,345.18,4.67,2.03
1,11.52843003695368,0.7108075298769748,358.15,348.85,0.38,0.6,358.31,348.73,5.84,1.56
25,0.9405744995696546,1.5327721829751881,349.33,349.87,0.87,1.26,347.99,348.63,6.87,7.85
37,0.7988117587297261,0.6360103755044199,350.56,352.65,0.36,0.52,350.27,352.57,1.71,1.4
8,5.5856738317574415,1.7298107808983685,353.95,343.98,0.81,1.53,353.97,344.27,4.65,2.02
50,4.329076650074031,1.780028715958785,346.94,354.14,1.04,1.44,336.98,354.52,29.45,4.25
74,2.2211893444724633,1.6270101654628901,351.57,348.93,0.77,1.43,351.98,349.45,1.98,2.41
16,9.16007933834861,1.1624266785125303,343.52,344.1,1.06,0.49,343.4,347.09,3.24,10.39
22,1.7441087908744055,1.3546457175837694,348.77,351.82,0.87,1.04,383.06,357.78,96.31,370.4
8,3.9844103774190116,1.9377611787652935,352.82,342.15,1.01,1.66,353.41,341.09,1.91,4.31
23,16.217658588481576,1.6819444107384047,338.53,341.27,1.19,1.19,338.5,338.28,1.96,7.32
97,2.394646704712072,0.9562762685997229,351.69,349.18,0.84,0.45,294.95,346.72,85.97,34.6
1,1.4595365210225726,1.182238533032652,351.03,348.41,1.12,0.39,350.6,347.89,2.58,1.79
10,0.12563612751195025,0.28567412415033777,350.09,358.38,0.23,0.17,350.37,358.49,0.77,0.45
66,2.398728293216892,1.6842674044791266,351.7,350.71,0.33,1.65,348.66,344.19,18.95,50.64
58,3.2057594632161277,1.3267686023948029,352.27,353.29,0.57,1.2,351.53,351.38,4.56,4.76
34,1.832065147073006,1.3717789944761252,348.7,349.41,0.85,1.08,348.84,348.88,2.57,10.44
20,1.2375540722287799,1.8644703431511394,349.12,350.01,1.44,1.19,347.02,345.75,5.6,12.62
20,5.81781136927745,1.707861348172702,354.11,341.32,1.09,1.32,354.04,342.08,6.9,7.94
74,11.576506614829707,0.2408161645652571,341.81,350.4,0.22,0.1,341.7,350.03,1.68,0.92
18,2.4874690568355993,1.0643142236264407,348.24,347.09,0.98,0.42,351.77,366.7,6.19,92.64
68,5.049162871171628,1.3885529888033845,353.57,347.77,0.67,1.21,351.56,349.4,4.68,4.42
3,0.49800852168240484,0.6587069698576021,349.65,348.2,0.45,0.48,350.31,349.02,4.4,5.44
8,5.983092693060337,1.2234336843272873,354.23,354.55,0.65,1.03,353.65,353.54,2.97,4.44
3,13.513316410573118,0.9163887677245794,340.44,347.91,0.81,0.42,340.67,348.34,3.64,2.98
36,2.827693754208559,1.444322911136174,352.0,342.98,1.01,1.03,349.6,340.32,5.89,17.77
47,2.4212666510255696,1.9159495327082958,348.29,348.54,1.39,1.32,348.27,351.15,2.89,9.99
1,3.4680899077773133,1.9818624820586836,352.45,349.03,0.42,1.94,352.12,348.21,3.17,3.37
7,10.713726034871923,1.8070874807463886,357.58,373.51,0.68,1.68,853.86,1213.76,1825.13,3090.94
5,9.211642703694908,1.3369832408044184,356.51,347.58,0.4,1.28,358.37,348.3,5.25,7.42
83,10.373288974268993,0.9919419500435525,357.34,348.38,0.89,0.44,357.79,349.03,3.6,2.52
4,0.6412530884154495,1.527200057963546,350.45,352.19,1.23,0.91,350.66,351.77,2.24,2.37
19,16.30683966144272,1.2457375455079869,361.53,368.25,0.41,1.17,357.72,363.09,8.64,9.9
28,3.4046152085618555,1.9529402270217948,352.41,349.37,1.54,1.2,352.82,349.24,6.02,9.71
36,4.836266268219476,1.0043364160009598,346.58,347.16,0.41,0.92,353.69,345.58,18.34,14.09
5,5.229434602923477,1.2325187140324647,346.3,351.13,0.52,1.12,346.88,349.55,6.66,6.27
19,0.6119391794638257,1.460798016971036,350.43,337.78,0.93,1.13,348.6,340.07,9.5,7.94
8,0.49046670107093177,1.9602760138358049,350.35,351.74,1.46,1.31,343.12,355.3,24.99,27.7
9,3.3000317446325815,1.4977851284227297,347.67,354.8,1.14,0.97,347.57,354.36,2.34,3.85
47,2.2872601971429916,1.8867705171384859,348.38,362.17,0.72,1.74,351.49,381.1,14.06,39.99
11,5.203931825215823,0.8029553862498628,353.68,354.7,0.37,0.72,353.68,355.08,0.81,2.4
45,5.8504427987073875,1.8290202880974622,345.86,350.08,1.82,0.15,345.44,349.52,3.27,1.96
1,5.972666208816164,0.9996161399147875,354.22,342.83,0.8,0.6,354.66,343.55,4.45,3.72
10,3.8171568907071696,1.6698612814093348,352.7,349.11,1.11,1.25,350.66,348.14,12.46,2.93
37,0.14625538260632892,0.5063368273095006,350.1,344.86,0.46,0.2,350.2,344.44,1.57,1.04
3,2.8886246252731724,1.2184564675218568,347.96,351.92,1.0,0.69,351.85,354.65,7.35,11.54
10,3.2539362288115212,1.7497647298337506,347.7,344.68,1.69,0.44,339.68,341.95,28.69,7.71
39,13.825614459589612,1.7216990296379422,340.22,349.25,1.19,1.25,339.33,348.32,7.5,5.8
24,0.7993147558430395,0.9282342654431855,349.43,351.07,0.34,0.87,349.16,353.55,2.12,4.94
10,12.046391284438812,1.971898659604282,341.48,359.3,0.63,1.87,353.83,357.28,24.95,7.19
2,0.6426121577501619,1.9009760347399587,350.45,346.93,1.75,0.75,358.7,346.18,41.19,12.1
118,5.396088387522665,0.5205517100017082,346.18,335.89,0.43,0.29,349.22,337.48,9.42,5.71
44,0.16408288199135743,1.9255011500918011,349.88,351.32,0.61,1.83,349.15,353.03,5.61,2.91
31,0.7078076197632704,1.7508696496477918,350.5,358.82,1.42,1.03,353.25,357.94,6.35,8.15
1,23.14843784393057,1.7634171661161406,333.63,338.85,1.53,0.88,325.86,325.72,38.84,49.84
36,5.048292222137724,0.878054333058486,346.43,345.8,0.72,0.5,344.98,342.46,6.71,16.38
16,2.9794943399966396,1.7730424728098988,347.89,351.19,1.44,1.04,349.23,347.76,11.07,22.38
38,1.2150386997861289,1.4065514520471634,350.86,353.08,0.88,1.1,359.16,356.42,14.94,18.38
26,16.143312591625605,1.6380258822331462,338.58,341.26,1.06,1.25,336.16,341.31,10.85,3.93
5,4.344477811688125,1.9182188675482612,346.93,352.63,1.8,0.66,-1753.19,4864.27,7720.52,16582.46
21,4.397524153380519,0.49263723626779093,346.89,347.94,0.14,0.47,347.73,348.58,3.74,1.15
4,12.325735177165425,0.42884142298727745,341.28,340.89,0.26,0.34,342.42,340.92,3.89,1.39
13,2.603381959256743,0.2769204286256943,348.16,345.3,0.17,0.22,348.08,345.19,0.44,1.04
37,19.890699705401392,1.7295780828122245,335.94,345.17,1.26,1.18,337.79,345.19,13.74,2.65
16,3.057709331559951,0.7927977879817235,352.16,348.34,0.25,0.75,352.24,348.83,1.62,1.51
9,1.2468874058852693,1.7546255840977507,349.12,349.16,1.24,1.24,353.84,349.8,16.56,3.46
4,5.8061545992581545,0.998922246013449,345.89,344.42,0.8,0.59,345.9,350.19,8.32,33.45
12,3.487726971535254,1.3770764615479794,352.47,351.32,0.93,1.02,357.03,351.11,8.79,4.36
66,0.9189970088332184,1.354911802960902,350.65,349.12,0.74,1.13,350.8,348.51,1.27,2.36
46,1.4073114802889322,1.911572367882688,351.0,346.42,0.58,1.82,352.5,346.83,5.07,5.85
89,17.982743650754635,0.6856997972070318,337.28,345.1,0.59,0.35,335.61,345.19,4.96,0.96
57,2.326000123693838,0.934032469491395,348.36,348.7,0.37,0.86,348.31,348.84,1.53,0.99
34,3.303444198058206,1.3606225266009446,347.66,370.33,0.17,1.35,347.44,370.04,0.96,4.1
45,3.5898072295323784,1.9138466908637415,347.46,351.25,1.9,0.21,347.84,351.65,1.95,2.0
98,10.829116883790347,0.43149528021048833,357.66,348.63,0.05,0.43,357.78,349.63,1.76,1.87
4,2.0343406607188825,0.03755404381897438,351.44,354.43,0.01,0.04,351.35,354.39,0.3,0.2
12,0.8574406222424024,0.9909300767353594,349.39,353.07,0.73,0.67,332.07,356.56,48.87,23.3
41,0.14079565394753066,1.6275635408938212,350.1,346.62,0.86,1.38,344.89,343.76,16.28,10.97
22,2.7351240469546063,0.9874456376948879,348.07,352.67,0.38,0.91,350.63,355.65,22.81,30.87
7,2.7033780366276843,1.8168627025319721,351.91,342.04,1.44,1.1,355.87,351.24,8.46,16.14
79,0.8772528150421569,1.6019977854528569,349.38,349.69,0.83,1.37,350.09,348.65,4.61,8.87
8,2.6370773099293583,1.6689630163565707,351.86,357.54,1.44,0.85,352.17,356.43,4.42,3.37
61,4.793932804770292,1.8184948337194957,353.39,351.53,0.75,1.66,358.53,350.51,12.66,6.51
34,0.09920780983255167,0.880373999371955,349.93,351.1,0.59,0.65,349.67,350.68,2.3,1.19
19,5.1993626561450395,0.7664755624583065,346.32,361.12,0.54,0.54,348.98,360.35,8.12,2.99
12,2.755627665544617,1.0402817771862414,348.05,355.07,0.5,0.91,348.74,356.24,3.27,2.69
9,9.61058560828167,1.8550357438181133,343.2,353.13,1.09,1.5,343.31,351.94,3.01,9.16
1,6.836353203268839,1.2045819814842156,345.17,346.27,1.12,0.45,341.24,341.54,14.79,16.35
7,9.764205361079185,1.7637371420788908,343.1,351.65,1.75,0.23,338.43,354.92,7.7,6.46
11,0.8597337256271504,1.6666842156804036,349.39,352.41,0.15,1.66,349.28,352.71,1.05,1.93
14,5.816700814221956,1.7651205300920487,354.11,357.52,0.91,1.51,354.89,358.38,2.58,6.88
15,6.366455033656891,1.227761625130877,354.5,358.08,0.76,0.96,353.56,357.98,2.63,2.59
34,3.7280889055050896,0.8700089230605572,352.64,353.26,0.62,0.61,352.43,352.99,1.12,1.79
9,9.522663735519965,1.4198620911127062,343.27,339.62,0.67,1.25,340.34,340.56,15.1,6.03
47,1.8074348754893814,0.6071493997518506,348.72,350.89,0.55,0.26,345.15,340.6,19.69,55.89
38,0.265134863854326,0.35399693392509124,349.81,351.52,0.29,0.2,351.45,351.37,7.82,7.14
1,1.8620381806888602,1.3786614354172746,351.32,351.4,1.26,0.56,350.78,350.95,3.44,2.19
66,13.147275213257931,1.4671391133290856,340.7,356.17,1.35,0.58,337.85,357.54,6.07,2.96
37,2.4630417852540067,1.2229637087312888,348.26,355.09,0.83,0.89,348.27,356.14,7.04,3.89
9,2.2689122373072053,0.5836186035606941,351.6,346.55,0.36,0.46,352.09,345.95,3.84,4.81
41,0.5815404398144908,0.3214165472704879,349.59,349.39,0.24,0.22,349.41,348.89,0.88,1.84
5,2.0353999568271077,1.0063719348552669,348.56,352.72,0.4,0.92,349.04,352.8,1.57,1.61
33,5.259494779404809,0.7610295318190323,346.28,351.96,0.39,0.65,350.08,353.25,19.23,6.36
10,3.9942918283909403,0.28776513263060055,352.82,355.85,0.13,0.26,354.66,359.3,6.89,14.16
52,7.999123450746369,1.5710537530822046,355.66,349.34,1.43,0.65,355.3,348.45,2.66,3.12
10,3.9430562298440215,1.5069829547887237,352.79,345.05,0.98,1.14,353.32,346.62,1.84,5.15
4,5.100358467812041,0.9942051314774064,346.39,339.18,0.89,0.45,346.71,339.91,2.46,2.18
56,2.666665092404171,0.6872037844914952,348.11,341.22,0.56,0.4,348.0,344.95,3.63,9.12
31,4.730163201586826,0.5086278060638749,346.66,340.87,0.44,0.26,326.94,302.64,72.72,139.09
16,5.237068978621858,1.9754226485481419,353.7,358.05,0.48,1.92,355.35,357.48,12.13,5.12
71,5.012358527778046,1.4097617897489414,346.46,349.51,1.04,0.95,347.66,348.74,5.52,5.58
8,12.861412169843463,0.471545757091642,340.91,339.87,0.25,0.4,341.84,340.51,4.41,2.52
25,1.9846174963035694,1.8588289194617447,351.4,346.38,1.35,1.27,354.25,347.5,14.9,4.76
63,1.4673247242029224,1.7777257707242358,351.04,348.78,1.19,1.32,383.68,325.31,118.99,91.08
25,3.217418096262982,1.4279972277413744,347.72,333.21,0.44,1.36,348.37,333.27,8.27,4.65
69,12.333716632873216,1.5988121602367282,358.72,349.17,1.48,0.6,358.46,347.7,7.83,4.53
17,2.7903351215626095,1.3610666518157652,348.03,346.33,1.04,0.88,360.6,345.05,51.55,9.06
7,0.16952368555878236,1.1866518283641123,350.12,363.83,0.28,1.15,346.96,367.74,15.33,14.84
7,0.4310686805393498,1.990288738756995,350.3,347.03,1.57,1.22,352.92,347.5,11.83,9.45
24,5.6760026814129105,1.953087144356354,345.99,345.37,1.57,1.16,347.03,345.86,3.96,3.95
50,4.604406853866559,1.8322290020666008,346.74,343.5,1.02,1.52,349.14,346.51,7.41,8.61
26,9.932521161321088,1.548099629737145,342.98,347.95,0.98,1.2,344.25,343.98,7.73,30.68
49,3.2111259565600956,1.9506928725307184,347.73,352.68,1.45,1.31,346.39,353.49,9.27,7.6
20,7.283526442331393,1.1818255565376208,355.15,358.01,0.81,0.86,352.96,357.7,7.51,3.53
35,5.466407202447267,0.7867889049047239,346.13,348.42,0.72,0.32,345.05,346.11,7.02,14.78
20,9.396907903431446,1.030375372368773,356.64,354.66,0.68,0.77,358.51,354.85,6.92,2.26
6,0.2508731803421327,1.0033596053981213,350.18,353.41,0.52,0.86,349.55,364.4,5.29,54.9
20,0.9320872627149855,0.38198320608928926,349.34,351.42,0.16,0.35,343.39,352.53,31.98,7.67
33,0.3968740136565974,1.697055263546002,350.28,347.32,1.52,0.75,354.51,349.4,11.94,5.75
106,1.6892284413510925,1.0898722612085399,348.81,353.1,0.28,1.05,348.87,353.25,2.67,1.26
17,2.0186518052480613,0.8908234592265861,351.43,354.0,0.62,0.64,353.19,353.82,4.4,2.21
27,3.8872233207525464,1.6186249924859308,347.25,351.98,1.19,1.09,347.03,343.67,5.41,28.38
19,1.2510419240344723,0.8857594668897745,350.88,354.46,0.17,0.87,350.06,353.97,5.69,4.83
27,12.882755909314636,0.42380450690392896,340.89,341.67,0.35,0.24,341.22,341.37,1.41,1.04
48,5.571771761633219,1.76214165866098,346.06,348.47,0.95,1.48,346.44,349.17,3.62,2.85
10,2.525222719464784,1.2961115766124742,348.21,352.66,1.19,0.5,345.34,351.37,11.36,7.42
51,3.960457939800538,1.9049048731565579,347.2,349.42,1.33,1.36,346.06,347.54,6.84,7.55
22,0.04027089952903033,1.9780439791055602,349.97,336.08,1.88,0.62,348.83,330.29,10.09,28.05
26,5.1568959006866235,1.9066967237817394,346.35,352.47,1.18,1.5,348.0,351.01,5.47,8.22
10,0.8314446965490258,1.8876765171115317,349.41,343.65,0.27,1.87,349.86,330.14,7.98,20.84
45,14.277615308965748,1.6217103050025805,339.9,363.15,1.08,1.21,344.16,364.64,12.15,3.74
7,10.96728296285014,0.6445600931409212,342.24,343.88,0.46,0.45,341.07,343.1,3.83,4.01
57,4.861560941660368,1.9112068434587641,353.44,350.89,1.25,1.44,321.63,404.41,161.12,286.5
37,16.224355544206052,1.5333958875655296,361.47,349.7,1.51,0.28,360.32,349.93,6.69,1.01
6,7.753110165686591,0.6515585647590125,344.52,344.58,0.33,0.56,344.38,344.39,1.06,1.59
3,4.250646489480488,0.38528324158694155,346.99,347.61,0.15,0.35,346.87,346.53,1.2,5.88
5,10.131460278625086,1.9688467611082698,342.84,344.94,1.82,0.75,341.81,344.24,22.97,2.97
5,0.5486474083676751,1.4026824221081846,350.39,342.05,0.77,1.17,348.76,333.53,47.61,54.23
11,4.045164700095512,1.7653322273147927,347.14,351.43,1.17,1.32,346.82,351.53,3.94,2.84
16,3.100956234229644,1.5972502844690775,347.81,348.26,1.03,1.22,347.65,348.28,4.91,2.22
22,5.256529677924887,1.0608905818505683,346.28,342.06,0.57,0.9,346.26,342.7,4.86,1.95
9,7.705181238395539,0.3280202681427885,344.55,345.01,0.3,0.14,344.78,344.98,1.31,0.35
3,0.18762927036782842,1.3729267500804787,350.13,351.25,1.21,0.66,349.72,351.16,3.55,1.5
25,6.1640179741962475,1.3567124097873702,345.64,344.98,0.84,1.07,348.78,347.93,9.73,17.85
57,5.5668797793416775,1.5081812239189045,353.94,354.87,0.83,1.26,352.7,353.51,9.83,15.6
1,1.486860599647186,1.1808711038234996,351.05,347.94,0.64,0.99,350.86,348.05,1.05,2.42
15,3.2889714555222014,1.58371810123058,347.67,350.59,1.48,0.57,348.21,350.28,10.05,17.33
36,4.785480552115887,1.7607311393974545,346.62,350.75,1.31,1.17,346.98,350.49,18.47,13.14
11,3.1111379109127695,0.8272695168805676,352.2,349.62,0.42,0.72,352.75,349.43,1.52,2.37
24,3.5508506443011147,1.2149644086703262,347.49,355.68,0.32,1.17,347.43,357.39,3.9,5.7
42,0.05892071812418562,0.2025632142830562,350.04,345.84,0.15,0.13,350.19,345.93,0.54,0.81
32,10.786628607640596,1.3810384911757934,357.63,353.65,1.0,0.95,357.73,354.16,1.77,3.26
1,24.653543395991885,1.9088305016998193,367.43,367.77,1.68,0.9,358.22,362.99,24.16,12.1
3,9.786303736983212,1.235217219362448,356.92,350.95,1.16,0.43,358.78,352.4,6.74,6.66
3,1.802119746727016,1.8075372770005138,351.27,361.76,0.76,1.64,351.35,362.28,2.52,4.76
147,0.22683623104752096,1.1546548190371557,350.16,349.83,1.12,0.29,352.57,349.36,9.6,1.26
80,8.952683843768549,0.9908801370590719,356.33,362.16,0.44,0.89,364.65,361.9,16.78,4.62
38,6.025517787036196,1.9115910246927355,354.26,351.41,1.54,1.14,342.94,357.31,47.91,40.27
4,3.9379878563371244,1.4282427386692091,352.78,354.08,0.93,1.08,352.75,354.12,1.49,1.08
50,1.2000348102141807,1.1582376337312517,350.85,346.26,0.64,0.97,349.76,346.92,2.95,2.45
18,4.479414361470962,1.0906162026390296,346.83,347.29,0.35,1.03,326.12,345.96,140.06,8.19
11,2.413520153390853,1.833648366897212,351.71,345.65,1.72,0.63,349.64,341.32,7.11,9.79
6,0.6675405409486176,0.4021701292340598,349.53,346.49,0.19,0.36,349.6,346.17,1.26,1.01
36,2.9123444712596744,1.6244998043522156,352.06,348.54,1.39,0.85,349.47,349.13,6.12,3.4
10,3.952893201190003,0.4619000198191748,352.8,357.28,0.4,0.24,352.74,357.12,2.04,1.35
30,0.691897024415893,1.2108369801835912,350.49,348.42,0.55,1.08,349.41,350.85,3.39,20.12
10,1.0255124337678831,0.5568571750461541,350.73,353.96,0.16,0.53,353.64,359.75,10.92,22.51
67,2.2298538739340463,0.6322205094579448,348.42,353.5,0.37,0.52,346.68,351.49,9.16,10.51
16,0.22039259757196888,1.3517974221195663,350.16,353.45,0.69,1.16,350.3,354.95,2.31,11.44
14,8.20351991706751,1.63585307642771,355.8,354.32,1.43,0.79,356.6,354.44,5.05,2.66
11,2.774147838980405,1.8874367484553167,351.96,359.99,0.89,1.66,349.03,360.27,15.02,9.2
20,5.353615070519141,0.7697899248354079,346.21,343.92,0.69,0.34,346.53,343.91,0.97,1.03
5,2.788335532672267,1.302572442579702,351.97,350.78,0.92,0.92,354.76,350.9,12.86,6.98
1,1.4614793307167897,1.8817299094625333,351.03,344.7,1.29,1.37,350.75,344.33,2.34,2.94
76,4.254160963707188,1.023813518808437,346.99,358.32,0.53,0.88,347.19,358.19,1.46,2.3
23,12.144529712152297,0.8225025456294943,341.41,349.92,0.37,0.73,344.3,348.31,11.26,6.39
19,6.8894312886909095,1.3636244471628678,345.13,345.08,0.85,1.06,339.3,338.19,29.61,38.5
36,3.6051764038074197,0.6365341725157907,347.45,354.4,0.19,0.61,437.59,458.7,267.34,333.42
10,7.064288216424253,0.9833183416159264,345.0,353.77,0.44,0.88,344.56,354.2,1.14,2.03
49,5.605821139181961,0.8162583510466758,353.96,346.42,0.49,0.65,353.39,346.34,3.09,1.15
12,6.908942055274052,1.0981713798415251,354.89,343.09,0.61,0.91,354.67,342.94,3.89,1.65
61,2.641639825292646,1.5758322730839573,351.87,345.94,1.03,1.19,352.25,345.96,3.43,4.96
1,3.3161044368344155,1.9890842525038201,352.34,350.13,1.85,0.73,350.93,348.32,4.69,10.37
6,9.087390909148247,1.8542506739581093,343.57,348.73,1.63,0.88,343.68,348.89,3.01,2.58
4,4.708521363129328,1.03219842744005,353.33,347.19,0.91,0.48,355.69,354.08,8.43,18.14
10,11.211470505836324,0.7899211035385936,357.93,359.19,0.63,0.48,361.23,361.15,7.29,4.71
64,9.75535153591432,1.5205250446588214,343.1,344.8,1.39,0.61,342.82,344.21,8.26,4.31
25,5.553595801235094,1.6538565207991083,346.07,353.15,1.62,0.31,345.79,352.49,3.08,1.49
60,3.09944169286052,1.961418495605523,352.19,344.19,0.73,1.82,353.32,342.85,6.74,5.27
30,2.7316138895195525,0.8832619191446525,348.07,347.07,0.68,0.56,348.6,347.04,3.67,1.45
13,0.28655939978670136,1.7734194668608514,350.2,355.32,1.07,1.41,351.81,356.34,4.98,10.9
13,2.1869998125184837,0.9010902611009776,348.45,354.95,0.83,0.34,344.81,354.97,8.19,2.58
1,2.4874502414388338,1.5118830086702526,351.76,348.87,1.42,0.51,351.6,349.18,1.72,3.0
32,0.8510431381162393,0.6975421129896643,349.4,344.63,0.14,0.68,349.96,344.95,1.7,11.92
3,2.0744001698863395,0.8287689880267431,348.53,355.73,0.76,0.33,348.75,356.02,2.25,1.83
232,4.448216073252144,1.8356218169358607,353.15,346.97,1.51,1.05,347.38,347.56,15.0,34.47
4,2.022524073212211,0.767199991281859,351.43,345.52,0.43,0.64,354.12,360.2,14.49,72.03
34,12.479221660501139,0.4608841573651974,341.18,346.36,0.44,0.15,341.36,346.6,1.97,0.68
5,0.45183011866257256,1.9133060035066733,350.32,346.31,1.65,0.97,358.0,346.76,22.49,9.76
12,8.215088760594604,0.9784730507611962,355.81,332.2,0.53,0.82,354.24,337.21,14.33,43.41
10,2.3989752395736637,0.667016170573559,351.7,352.76,0.58,0.33,351.62,352.71,0.94,0.99
26,0.07812819340488503,0.9898366020674546,349.94,344.77,0.43,0.89,349.55,346.94,4.6,5.69
10,8.655662986392542,0.32787822675791173,343.88,349.22,0.28,0.17,343.7,349.02,1.62,1.25
1,2.2804748067298815,0.7196521534170554,351.61,346.18,0.37,0.62,351.52,346.44,0.71,0.83
3,3.0122546697520893,1.7910423853405444,352.13,353.77,1.6,0.8,352.85,354.65,5.35,3.64
10,5.779825982064096,1.048514737866054,345.91,349.56,0.22,1.03,345.68,348.99,2.41,3.1
3,0.9862296025563881,1.7673996373641387,349.3,349.21,0.89,1.52,350.25,350.08,4.75,3.82
112,0.16635694919738972,1.6476788145364039,349.88,359.51,1.58,0.47,349.91,356.44,2.37,12.55
203,1.4482627668503598,1.3633893608771241,348.98,358.23,1.1,0.8,349.77,358.11,5.46,1.73
42,4.47418612589784,1.3833729009917068,353.16,348.27,0.6,1.25,352.99,348.22,1.44,1.65
54,0.5212140950111117,1.640285610464615,349.63,358.65,0.98,1.31,349.35,356.87,5.15,5.59
2,2.9663641277821156,0.9282000600825672,347.9,349.11,0.55,0.75,346.03,350.01,7.77,3.56
208,7.661983611084242,1.094424941964104,344.58,353.03,0.85,0.69,342.98,352.91,5.83,1.08
21,2.6913598197763964,1.9704780768857033,348.1,336.1,1.0,1.7,345.95,326.72,11.86,63.08
5,14.829010490428454,1.8943086885960205,360.49,363.57,1.22,1.45,361.87,363.74,2.81,2.29
7,3.3683662699907777,1.1398388963752442,347.62,352.05,1.05,0.45,347.78,351.86,2.43,3.12
14,7.812262680845212,1.2284888814385508,355.52,354.55,1.08,0.58,355.4,354.66,1.28,1.59
30,4.351062429741038,0.3865038648980984,346.92,355.14,0.35,0.16,346.91,355.23,0.72,0.67
1,14.65985643923255,1.038697589805066,360.37,348.87,0.96,0.4,359.15,349.25,4.76,1.63
65,4.024067064047919,1.7270956534307569,352.85,351.88,1.25,1.2,355.34,352.29,7.62,2.53
14,3.429315646517895,1.9807176119518013,352.42,354.29,1.42,1.38,358.24,355.45,12.13,8.44
65,0.03676776711831904,0.32128922725411246,349.97,361.49,0.18,0.27,350.2,361.82,0.49,0.67
25,1.1321882092040465,0.8353959232673006,349.2,341.4,0.44,0.71,338.62,323.14,25.86,35.83
7,7.679700690249726,1.7709385611538677,344.57,345.9,1.24,1.26,344.45,344.34,4.54,5.74
3,0.04368889295309294,1.9588418839738697,349.97,348.74,1.73,0.91,342.63,344.3,20.38,12.03
77,2.0656076329761075,1.5930266447850434,351.46,355.11,1.0,1.24,353.71,412.89,6.56,169.46
20,9.520868906068841,1.2224570296869963,356.73,350.59,0.84,0.89,321.73,320.08,187.41,165.37
4,6.959853753348053,1.9191253974522844,354.92,352.35,1.53,1.16,353.32,348.97,4.09,9.14
26,8.40307675371349,1.1495411044942516,355.94,350.55,1.04,0.49,354.75,349.75,5.0,6.99
25,3.7780255270219816,1.5594788443327552,352.67,350.83,1.06,1.15,356.75,350.56,19.94,4.9
36,3.5556443161216937,0.7044125124331421,347.49,345.88,0.57,0.41,345.73,345.44,9.87,3.98
7,124.91817759672115,1.956294582100801,261.67,310.48,1.85,0.63,260.13,309.73,3.7,1.56
118,10.559290321691753,1.868171451279645,342.53,343.3,0.64,1.75,339.85,342.02,9.22,3.77
4,5.365343956566918,0.6288467235641535,353.79,356.27,0.6,0.18,356.28,357.11,6.72,3.25
31,1.7122271314022246,0.9590819028781927,348.79,347.97,0.62,0.73,348.3,348.52,1.96,2.59
42,6.207823371243412,1.9391975813743163,354.39,350.96,0.6,1.84,353.82,349.83,3.7,4.27
2,10.511933123888078,1.8305571080107932,357.43,346.67,1.67,0.76,356.85,347.22,2.67,1.89
41,1.6003684894371863,0.9993747018849063,348.87,351.58,0.39,0.92,353.18,349.56,15.96,7.63
78,2.963786909760268,1.4458549909010925,347.9,353.52,0.96,1.08,348.16,355.51,1.74,6.11
34,6.338182791888278,1.8297643088966598,345.52,333.35,1.05,1.5,374.17,334.74,141.61,6.55
14,12.67404022879079,1.5433609473395162,341.04,342.71,1.19,0.99,334.57,330.05,50.92,70.19
10,0.2386525388253542,0.6084252886045777,350.17,350.26,0.27,0.54,349.75,350.15,2.13,1.3
55,0.8123208743121567,1.248829492055347,349.43,351.96,0.66,1.06,349.31,351.24,1.14,4.58
10,2.261495343113674,0.947948755250955,351.6,352.34,0.69,0.65,351.69,352.38,1.01,0.91
66,4.989135758176452,1.0167624653752636,346.47,344.62,0.4,0.93,345.89,344.85,1.34,2.37
5,1.0557527885959928,1.9278035935022113,350.75,351.91,0.98,1.66,351.96,354.98,5.35,7.37
46,19.4906414208631,1.8625944669362227,336.22,364.33,1.57,1.0,346.13,371.98,77.15,23.08
1,8.23876844089614,0.18502278966250593,355.83,349.56,0.06,0.17,356.4,349.17,1.29,0.68
111,24.525744742789673,1.1391788877519622,332.66,368.14,0.8,0.81,328.13,372.18,16.77,16.23
43,1.677140219489123,1.5001406452404273,348.81,347.8,1.35,0.65,350.66,346.75,7.7,4.92
19,2.2746071063868527,1.4443692532820316,351.61,352.64,1.11,0.93,351.92,352.21,8.28,5.65
2,5.294673907635038,1.7619835091348865,346.26,352.8,1.72,0.37,343.53,355.15,8.08,10.45
47,4.064616997618172,1.456082114688338,347.13,350.71,1.39,0.44,346.6,349.73,2.44,3.42
4,7.865170890160642,0.01466892968176224,355.56,347.06,0.01,0.01,355.57,347.06,0.08,0.08
2,8.709842397884522,1.5953243581385474,356.16,348.85,1.5,0.54,358.84,357.23,9.28,34.05
8,25.002034109785935,0.7021126652755662,332.32,339.21,0.59,0.38,332.38,338.66,3.15,2.64
7,16.47360223253134,0.7814194164974093,361.65,352.38,0.68,0.39,362.17,352.26,2.7,2.07
4,10.62765416280352,1.6527249671921591,357.51,345.05,0.98,1.33,357.77,343.89,21.36,6.48
52,0.44954480029018323,1.5641635609366522,350.32,339.83,1.13,1.09,363.92,351.53,50.21,45.35
5,12.784178564694647,1.9331243956281234,359.04,364.24,1.44,1.29,362.57,326.56,47.92,255.7
14,30.779850323083263,1.6034284071056675,328.24,351.03,1.13,1.14,331.93,349.26,7.17,2.64
8,5.005180756071346,1.8393995040425724,353.54,351.98,1.38,1.22,349.68,350.41,10.15,5.76
37,3.5265459680594455,1.2427996579358107,347.51,353.65,1.18,0.39,360.75,354.24,37.79,1.85
65,3.743833457549705,1.2396761636415232,352.65,350.56,0.68,1.03,351.98,350.34,3.01,1.93
60,10.244111532649208,1.2160173805125376,357.24,363.29,0.32,1.17,357.85,369.95,7.84,28.75
19,5.644752654534128,1.6434611308826734,346.01,351.91,1.18,1.14,344.18,351.75,14.08,6.43
4,7.104773874335272,1.4955509935644502,344.98,350.93,1.36,0.62,342.53,350.06,6.38,2.46
21,5.905494426344835,0.42726220789811786,354.18,344.89,0.33,0.27,351.24,344.08,11.42,3.48
12,2.387127997696785,1.806445041901947,348.31,348.32,0.88,1.58,344.85,348.11,15.21,5.05
15,1.0420436912489086,1.6917023274603828,350.74,343.05,0.61,1.58,349.64,343.0,3.64,2.92
69,3.633176289580877,1.3851334709760945,352.57,345.72,0.57,1.26,353.53,345.88,2.99,1.87
16,1.8612436117649311,1.270755101765853,348.68,360.47,0.72,1.05,348.52,360.55,1.31,1.59
33,2.2764202990077576,1.4026885123003021,351.61,349.72,1.05,0.93,352.31,351.2,7.96,17.18
17,0.8632845554728111,1.583352776782803,349.39,343.32,0.71,1.41,351.08,343.09,8.43,5.34
73,6.300373878793092,1.1316470893171018,345.54,355.92,1.05,0.43,345.87,355.51,2.01,1.07
2,2.371446872304762,1.3802350747261487,348.32,343.01,1.35,0.31,348.41,343.28,2.61,0.79
42,6.645100459591885,1.1406824321886389,354.7,353.9,0.65,0.94,352.94,355.0,5.68,3.06
32,1.7504734492058958,1.0574564280776335,348.76,341.05,0.47,0.95,348.74,339.9,2.07,3.43
22,2.714976147202262,1.9136991571517827,351.92,356.07,1.0,1.63,354.09,367.96,5.92,80.02
326,194.75017641225367,1.8183579143871276,212.29,187.22,1.48,1.05,212.94,187.89,7.99,8.74
12,3.522909695680322,0.7257577562161823,347.51,350.08,0.54,0.49,347.05,350.45,1.45,1.44
11,4.891602530967827,1.170018314682105,346.54,349.62,0.7,0.94,347.49,348.27,2.69,4.61
13,1.0115254486935794,0.9955263986175464,350.72,365.81,0.38,0.92,349.38,366.2,3.78,8.15
4,0.3693032676324788,1.2435800339479306,350.26,347.53,0.98,0.76,349.58,347.55,1.76,1.87
34,3.479708631560452,0.4889442087840244,352.46,348.86,0.3,0.39,352.78,348.46,1.23,1.9
88,4.157043028243757,1.0312733840317398,352.94,360.34,0.1,1.03,353.2,359.75,5.86,1.74
28,3.4438884977027473,1.7223188430404037,352.44,349.23,1.37,1.04,351.8,348.55,4.94,4.21
33,28.98758606296026,0.8224717984888069,329.5,346.33,0.77,0.28,329.83,345.96,2.39,2.53
50,11.077154419019706,1.7758128712552774,357.83,352.57,1.53,0.91,346.85,340.95,58.48,60.38
500,386.4918460048513,145.57592245962718,76.71,43.82,100.95,104.89,70.6,76.49,129.13,127.2
20,1.3707972640247559,0.9554765531961175,349.03,350.91,0.91,0.28,348.89,352.14,2.03,5.06
21,9.527749248365714,0.9728859914022999,356.74,344.79,0.47,0.85,356.02,344.75,2.46,2.44
17,5.882197519763697,1.6482952597782257,354.16,341.87,0.84,1.42,357.98,341.78,11.79,2.17
50,5.358704071210262,0.2264533707565454,353.79,351.04,0.22,0.06,353.93,351.12,0.95,0.36
1,8.921647259265658,0.7667054382253444,343.69,351.48,0.59,0.49,343.45,352.04,5.18,1.92
42,3.8181384925537456,0.7845132706338521,347.3,347.2,0.54,0.57,347.51,346.81,2.52,2.5
9,18.63374496143706,0.8567577457012716,336.82,347.72,0.81,0.29,335.4,348.68,6.51,5.19
43,3.535159484369789,1.5936405919189585,352.5,352.04,1.57,0.27,352.63,350.47,2.81,4.55
10,3.9376167823798727,1.3625453442434843,347.22,349.17,0.67,1.19,346.82,349.45,2.07,1.57
9,8.458934393895149,1.7297913460002536,344.02,344.12,0.99,1.42,341.94,338.43,10.9,16.1
1,2.7948659531467617,0.8984498366301342,351.98,342.4,0.63,0.64,356.73,368.07,32.62,131.41
7,3.270553900750723,0.4863795762657686,347.69,356.29,0.47,0.11,347.71,356.22,0.72,1.09
36,6.1911664325432705,0.3353469616986378,354.38,350.03,0.28,0.19,353.45,349.44,8.64,1.59
21,0.04943223854714581,1.861757526204548,350.03,345.89,1.05,1.54,350.1,345.65,2.4,3.19
33,3.220592601736887,1.5244032968231327,347.72,346.16,0.65,1.38,348.06,345.7,2.02,2.45
13,6.5132747038893655,1.2609792178267543,345.39,343.59,1.11,0.6,342.97,341.67,10.95,16.37
62,1.239933137189633,1.6908029653899357,349.12,352.34,0.86,1.46,355.81,401.76,26.29,186.42
35,2.6254061867580667,1.9792500198426293,348.14,349.76,0.48,1.92,348.11,349.17,2.69,4.1
53,14.342966501320518,1.9636587051608299,339.86,341.87,1.81,0.77,344.35,344.63,9.96,5.17
20,1.7161914175257547,1.107058368480904,351.21,347.65,0.48,1.0,351.18,347.36,0.5,1.08
14,5.3475174050400645,1.2646113719307792,346.22,351.62,1.13,0.57,344.42,352.64,15.38,3.57
36,5.168736179488647,0.8781906893566975,353.65,349.49,0.72,0.5,358.87,351.24,21.18,5.62
5,6.432630834448226,1.1203363902572643,345.45,332.15,1.02,0.47,349.46,335.56,17.02,18.69
1,6.606563262106187,0.6373248375433296,354.67,355.6,0.57,0.29,354.49,356.21,5.92,3.87
103,6.954472400668911,1.8661206716751273,345.08,375.39,0.69,1.73,344.06,374.18,5.15,5.64
4,2.528316699611403,1.3800326688516131,348.21,354.57,1.25,0.58,348.3,353.53,3.99,3.16
31,9.758219207358861,1.208023769864858,343.1,356.04,0.55,1.07,344.29,357.22,3.29,2.54
3,10.928653105593638,1.1929317116437494,357.73,334.72,0.74,0.94,357.42,334.76,1.53,5.33
44,2.594434028557188,1.340312276648475,348.17,346.69,1.04,0.84,347.19,346.9,3.55,5.76
14,3.9000933188939992,1.0116741830711573,352.76,346.45,0.57,0.84,353.46,344.97,1.97,2.82
20,5.018050561368024,1.6468734139048684,346.45,349.94,1.36,0.93,346.27,350.27,3.01,4.7
178,70.2187220132474,1.1962483153919226,300.35,297.69,0.81,0.88,300.97,299.57,2.02,7.61
28,4.202581930454045,1.406106787613751,347.03,349.53,1.31,0.51,346.59,347.1,7.03,12.61
1,3.98480924801364,1.6699188220345662,347.18,344.15,1.38,0.95,348.76,356.98,11.52,66.91
42,12.11329589838061,1.6884169203526045,358.57,354.27,0.52,1.61,354.18,352.18,22.51,9.58
63,3.267829492159024,1.9555459957938242,347.69,351.83,1.16,1.57,344.65,349.02,17.52,21.59
9,7.496930945048091,1.8040349151755106,344.7,350.38,1.34,1.21,263.43,207.72,440.63,722.52
15,19.89214417236201,1.9880509325640228,364.07,361.34,1.07,1.67,364.62,361.46,2.18,3.11
47,9.89197171512787,1.8406801195414917,356.99,354.31,1.41,1.18,352.32,343.21,17.31,45.02
20,0.5647001350536194,1.2605530287071816,349.6,350.62,0.88,0.9,349.74,351.2,1.51,2.49
93,3.21082035118153,1.7663550267249166,352.27,340.4,0.95,1.49,351.95,340.56,3.24,5.59
9,2.9562038426697788,1.2843001120577806,352.09,355.79,0.36,1.23,351.58,354.52,1.47,5.46
23,0.46463524582079785,1.8813830045013478,350.33,346.62,1.16,1.48,348.5,347.27,9.56,7.37
9,10.07049757371189,0.8487289807014466,342.88,349.02,0.58,0.62,341.61,346.75,2.3,11.66
73,10.572999724340216,1.5574349561224388,357.48,341.93,0.47,1.48,357.19,342.38,1.47,2.44
19,0.5227273318043691,1.508397528466594,349.63,352.65,1.39,0.58,354.08,350.24,7.09,6.23
64,4.565204787289803,1.2942600597564955,346.77,355.55,0.44,1.22,350.62,354.79,28.24,22.31
3,13.227949811641887,1.9667422196513844,359.35,359.15,0.99,1.7,361.16,363.49,22.73,17.88
2,12.069531751128578,1.7908177704625123,341.47,341.0,1.36,1.17,340.25,341.45,5.39,2.18
40,8.40160439989723,1.5984128001607716,344.06,349.76,1.12,1.15,344.23,349.99,1.62,2.28
9,0.33182740015500856,1.7765794621730189,350.23,351.53,1.24,1.27,350.35,350.04,16.14,3.57
1,12.208024911550238,1.4126557196328342,341.37,359.83,0.96,1.03,340.46,357.0,4.64,9.72
14,5.260148733242677,1.891289504134394,353.72,313.98,1.66,0.91,353.42,314.07,2.23,19.15
30,13.435650977389285,1.5291305965990742,359.5,363.47,0.87,1.26,360.57,364.19,4.17,4.17
20,0.306829211691456,1.8637385916192797,349.78,349.31,1.71,0.74,351.09,350.99,15.85,6.91
12,3.9747498766872935,0.7510204871280834,347.19,359.85,0.42,0.62,349.22,360.15,9.1,3.0
56,9.789020225487613,1.4441255253167316,356.92,346.67,0.93,1.1,356.67,346.83,2.63,2.67
41,1.105494533634382,1.652169232379847,349.22,342.08,0.25,1.63,353.26,339.89,20.27,14.33
1,1.210519251669218,1.1437005670461367,350.86,356.36,0.59,0.98,350.38,359.41,3.98,11.77
34,2.7725103078392914,1.921348068424434,348.04,356.15,1.83,0.6,326.81,355.35,106.35,5.89
21,2.8895286618335425,1.9116902167877823,347.96,355.35,0.97,1.65,350.33,352.72,9.46,16.61
19,5.64404906656439,1.8668007920775098,353.99,353.1,0.8,1.69,355.11,350.22,2.86,7.63
20,1.4584869456012415,1.7795411199039126,348.97,352.97,1.17,1.34,348.49,351.71,11.12,9.03
6,2.265697678022281,1.5439638261442494,348.4,347.47,1.23,0.93,349.65,347.29,3.97,4.64
1,0.7676355800168396,0.7152522131665825,349.46,354.92,0.56,0.44,345.87,378.97,10.45,138.61
16,2.1668357271761876,1.9865367577866475,348.47,351.71,1.71,1.0,348.4,349.52,4.65,6.15
79,7.1211482340835905,1.160474814528529,355.04,356.42,0.2,1.14,354.23,356.3,3.04,5.23
24,1.1494630759733455,1.4870014901944226,349.19,349.09,0.86,1.21,350.64,351.99,11.39,14.49
34,4.941782542131031,1.002539583029169,346.51,341.52,0.47,0.89,404.51,352.38,306.09,58.29
4,6.724805388675514,0.9284772460209155,354.76,349.14,0.79,0.48,354.83,349.2,1.98,1.87
9,0.0686839098496546,1.5769566967964812,349.95,346.84,1.01,1.21,344.03,352.9,22.44,23.79
7,14.813312345861611,1.891786367067118,360.47,336.64,1.28,1.39,364.44,336.04,12.39,11.46
31,5.495584110336599,1.5786889977056457,346.11,353.78,0.53,1.49,345.54,353.22,4.51,3.62
5,1.5517492166421936,1.0862318966587936,351.1,348.28,0.61,0.9,351.09,347.58,0.99,2.09
35,0.32281080189577127,1.004411529762457,349.77,352.12,0.79,0.62,348.77,351.88,2.65,2.53
19,1.2294941795708185,0.6489728204039164,350.87,352.36,0.62,0.19,351.74,352.59,1.47,2.44
16,9.498115400725318,0.7071817436603481,343.28,347.3,0.42,0.57,343.39,346.94,1.74,1.21
121,2.76108402577792,1.8824785142739595,348.05,349.37,1.55,1.06,349.03,349.4,4.29,4.58
24,7.683493640848302,1.117609846749757,355.43,340.34,0.85,0.72,355.17,340.07,1.78,1.45
35,1.0338873859992754,1.0934219985215605,349.27,344.08,0.46,0.99,349.47,343.88,3.67,1.86
9,1.064262906077162,1.931824314010851,349.25,350.19,1.22,1.49,352.72,351.36,11.84,8.32
16,3.2738199401238828,1.4592162946407246,347.69,347.75,0.77,1.24,357.96,350.07,27.84,5.14
18,7.512646526715907,0.691851037321331,344.69,332.8,0.43,0.54,345.69,332.22,2.1,5.23
10,0.07845979552969719,1.5987917104641916,349.94,344.67,1.34,0.87,323.38,256.32,136.61,471.13
7,10.139437611871108,1.2925374331803492,342.83,356.59,0.6,1.15,341.48,354.86,5.45,15.5
105,0.4167093460559623,1.1034718544250433,350.29,352.73,1.07,0.28,349.99,350.13,8.21,8.61
37,6.639995979203883,0.5381155753738793,345.3,340.98,0.21,0.5,345.38,341.07,2.09,2.46
8,0.9139113977978558,0.7651904385383945,350.65,352.86,0.38,0.66,347.8,348.07,14.6,25.47
18,2.5958554443253026,0.6367833474997096,348.16,348.68,0.26,0.58,348.95,348.2,2.95,3.21
2,3.476987679045542,1.5122113692229477,352.46,346.01,1.3,0.77,357.28,349.43,8.2,8.37
11,1.7905106715396015,1.4660771125445464,348.73,349.88,1.14,0.92,347.21,350.79,4.66,6.86
37,2.1429185106469357,1.148878556750086,348.48,345.88,0.77,0.85,348.56,347.37,3.88,4.85
2,3.9453003916289617,1.3082553784371205,347.21,345.46,0.58,1.17,347.4,345.52,2.95,2.08
44,3.7248715104103876,1.3391490547485854,347.37,343.81,1.02,0.86,345.65,344.92,7.67,3.08
18,8.41101494343635,1.485353735114764,355.95,350.3,1.11,0.98,356.03,350.02,1.84,1.46
4,0.4660086134129328,1.7831577175778937,349.67,348.4,1.73,0.43,364.07,350.11,29.6,10.97
46,16.143626639515098,1.046801656232157,338.58,338.52,0.58,0.87,338.8,338.68,2.9,2.31
10,8.736161813700175,1.3821421116750126,343.82,340.86,1.08,0.86,343.53,342.11,3.02,8.36
13,18.143527680284162,0.7778886300312252,337.17,347.78,0.66,0.41,333.51,347.35,11.57,1.18
36,3.3461301109899124,1.0664371415181677,352.37,354.96,0.66,0.84,351.68,346.86,7.39,40.12
16,6.013552146590178,1.3792593051453745,354.25,333.27,1.35,0.29,352.57,335.14,4.0,17.5
6,0.6589957884844465,0.32835836341469254,349.53,354.69,0.29,0.16,349.39,354.94,0.56,0.65
96,7.061843475532265,1.4059026983347842,354.99,358.2,1.26,0.63,354.09,358.28,3.65,2.15
2,2.296992242768809,1.4763532484470356,351.62,352.5,1.01,1.08,351.29,352.79,2.31,2.68
55,11.192121933194157,1.483501814339717,357.91,346.86,1.36,0.6,362.3,349.59,12.35,7.35
50,7.414661853759115,0.5241338726751907,344.76,344.14,0.4,0.34,344.42,344.0,2.53,1.82
8,0.7142006509550449,0.6312115005181929,349.49,352.89,0.34,0.53,348.64,353.37,3.75,1.41
9,0.5109301197431577,1.944653243386894,350.36,355.21,0.94,1.7,355.27,356.68,22.49,6.81
1,5.06988366893073,1.2078123349119894,353.58,345.8,0.9,0.8,352.85,345.59,2.81,6.39
45,2.974498661372736,0.9344821122248984,347.9,343.69,0.78,0.52,348.66,343.46,3.45,5.84
46,21.33810097511691,1.2168952521966427,365.09,342.25,1.16,0.37,365.2,342.32,3.01,0.83
39,11.746318662575927,0.31520099891668796,341.69,342.39,0.21,0.24,340.84,342.15,2.62,1.55
5,3.6613787454391855,1.6087703389734285,347.41,354.13,1.36,0.86,346.0,353.94,13.08,6.17
67,0.6886290656051945,0.8124771482239892,349.51,356.71,0.33,0.74,350.4,353.76,8.98,15.26
3,21.36093885720392,0.9735472534083586,365.1,341.92,0.63,0.74,363.5,342.27,6.28,3.85
36,5.980479729894067,1.2573492706028104,354.23,359.4,0.73,1.03,376.18,378.38,52.53,35.09
50,11.16378191930198,1.9288912793323842,342.11,338.97,1.6,1.08,342.35,338.72,9.71,10.11
10,7.110728810626698,1.1424300350697567,344.97,325.36,0.31,1.1,344.81,326.41,1.18,3.08
17,8.397180403159238,1.2512934058259695,344.06,350.39,0.89,0.88,352.02,352.21,30.73,29.69
53,10.628859340286995,1.3696167897305693,357.52,362.08,0.65,1.2,356.74,360.36,4.94,4.85
26,18.41189013372662,1.454883380332626,363.02,366.06,0.54,1.35,363.12,367.52,2.15,3.43
11,7.091161671052024,1.6326955311755493,355.01,353.68,1.1,1.21,354.74,353.63,3.22,1.99
28,1.1682828694880887,1.6610164777466676,349.17,344.65,0.95,1.36,348.83,343.24,2.51,3.52
104,0.5537992903264025,0.5898707130380385,349.61,352.46,0.52,0.27,349.19,352.33,1.73,1.08
17,7.21005813983729,1.709648276690663,355.1,358.52,0.36,1.67,355.07,359.42,3.16,4.63
71,7.6838428752629175,1.7119926182826912,355.43,365.79,0.28,1.69,369.01,373.46,57.38,22.51
1,11.83492196365334,1.1206178628698038,358.37,347.88,0.79,0.79,359.73,347.87,8.47,2.29
111,6.9513764837381515,1.9025902011455322,345.08,342.68,1.51,1.15,344.75,343.76,2.06,6.53
34,4.036257675125538,1.4809820564451168,352.85,355.14,1.24,0.8,355.88,358.09,9.94,8.99
13,8.679342456626822,1.0472254680935837,356.14,355.52,0.99,0.33,353.74,351.85,13.93,24.28
3,1.0726413058083468,1.7609423113983704,349.24,320.31,0.19,1.75,347.92,341.33,3.21,121.62
76,10.720211269314841,1.0112895943375235,357.58,339.68,0.66,0.77,357.63,340.21,3.19,2.83
3,2.200680619826259,0.6773703448965064,351.56,349.79,0.54,0.4,351.86,350.45,1.23,1.52
2,5.60628149658416,1.1528642136084892,353.96,352.82,0.93,0.68,353.3,352.99,3.35,1.63
43,14.676086502285658,0.4165065797681223,360.38,363.18,0.37,0.19,359.78,362.73,1.75,1.29
42,3.3031318848212488,0.770053576042124,347.66,347.49,0.57,0.52,347.79,351.21,1.98,17.49
2,4.65270928669174,0.9540819235337505,346.71,354.36,0.46,0.84,347.33,354.44,4.29,3.04
19,11.078328383376448,1.642802296277689,342.17,343.89,1.51,0.66,340.12,343.16,9.88,3.42
21,1.1492774744785406,1.0697443464229173,350.81,341.39,0.32,1.02,350.89,341.59,0.86,1.47
11,0.8156329449476752,1.8288528603362886,349.42,366.71,0.56,1.74,353.72,369.95,17.7,14.32
2,4.534920773938573,0.9241586511895385,353.21,348.81,0.72,0.58,353.96,346.72,3.3,13.05
10,5.712689815725492,1.1888544243526338,345.96,346.24,1.09,0.48,343.59,344.24,7.49,8.1
55,0.2710307274065544,1.3023045925546608,349.81,345.11,0.59,1.16,349.92,345.35,1.35,1.82
15,10.502811630783336,1.0697821840089987,342.57,352.3,0.26,1.04,343.12,351.72,1.1,3.57
12,0.6755190963353953,1.4070764764023513,349.52,343.53,1.31,0.52,338.43,327.13,26.82,120.59
65,18.019649280936,1.8089043585414524,362.74,354.92,0.42,1.76,361.37,354.42,2.53,2.07
4,1.6344817969098584,1.452455196701442,348.84,350.96,1.38,0.46,349.21,350.74,3.22,1.19
52,9.10671287189759,1.728567555799007,343.56,349.21,0.71,1.58,345.14,350.09,16.37,5.15
49,2.9874839868441296,1.276941079819733,352.11,350.93,0.76,1.03,362.68,354.51,49.13,32.07
10,9.968377012708157,1.1566402226476793,342.95,346.57,0.77,0.86,336.98,342.21,34.16,11.49
31,12.171800795643366,0.7936004782834513,341.39,345.12,0.52,0.6,339.81,343.91,4.56,4.45
8,1.5170961906111915,1.322342002431451,348.93,350.11,0.64,1.16,349.73,349.8,3.22,3.72
135,8.479208085098454,1.5887242760399882,344.0,349.66,1.27,0.96,334.14,346.78,26.42,6.47
21,6.153627251345391,0.5362041833923693,345.65,352.33,0.38,0.38,345.85,353.32,2.4,2.65
42,3.2179779046566095,0.6881199102571885,347.72,366.06,0.34,0.6,347.12,365.67,1.27,1.46
15,5.005284579159699,1.9126464716668587,346.46,354.7,1.5,1.19,292.72,357.97,152.76,12.57
2,7.583763763502076,1.062356332293204,344.64,349.76,0.51,0.93,342.52,349.24,5.28,2.24
87,1.1290430746987143,1.6978163460096627,349.2,353.63,0.42,1.65,332.07,323.33,48.21,360.99
49,2.696311853548812,1.8870922542576585,348.09,342.35,0.26,1.87,348.86,342.88,2.4,2.37
3,6.6759954903195995,0.20036648642113092,354.72,350.82,0.18,0.1,354.68,350.88,0.38,0.25
2,5.448792425255077,1.4499633040745055,353.85,343.23,0.97,1.08,353.28,344.64,4.34,5.67
2,6.187267716809149,0.13816735733773938,354.38,355.78,0.12,0.07,354.54,355.75,0.38,0.14
11,7.961469637947589,1.7317982777586736,344.37,349.92,1.39,1.03,344.77,349.94,4.43,2.12
2,5.24055787422944,1.1327011615237754,353.71,339.19,0.65,0.93,354.34,323.35,2.57,51.28
1,2.2219037956378167,1.7698557589951045,348.43,352.46,0.91,1.52,348.48,356.46,15.03,8.44
27,11.031373261761175,1.741053615811889,357.8,352.5,1.24,1.23,345.15,330.24,59.6,183.73
